Ticker,Sector,Day,Price,Volume,Return,Cumulative Return
COMP01,Energy,1,132.06394757439554,7142083.048235018,,0.0
COMP01,Energy,2,136.68059482046326,3274769.7568689035,0.034957665061973175,0.034957665061973175
COMP01,Energy,3,138.56000536047,6581187.978848292,0.013750383091875262,0.049188729440448054
COMP01,Energy,4,133.91496753601183,86813.708453211,-0.0335236550574165,0.014016088384557479
COMP01,Energy,5,136.34582804223695,4846935.877296907,0.018152268943136818,0.032422781133581546
COMP01,Energy,6,132.81433183351407,0.0,-0.025901021391200096,0.005681976594678284
COMP01,Energy,7,130.08925739468125,0.0,-0.020517924543329902,-0.014952530315678225
COMP01,Energy,8,128.49828317808877,4177418.8186803716,-0.012229866235346276,-0.026999529105383835
COMP01,Energy,9,128.10150794623493,6968047.08912618,-0.0030877862492835195,-0.03000394657995864
COMP01,Energy,10,122.33475962592713,2315374.346980013,-0.04501702136658803,-0.07367027964227468
COMP01,Energy,11,126.5348825567721,0.0,0.03433302966130003,-0.04186657387708914
COMP01,Energy,12,122.2542074203815,0.0,-0.03383000047018658,-0.07428022813332869
COMP01,Energy,13,128.18260680707652,0.0,0.048492395573018765,-0.029389858766205368
COMP01,Energy,14,123.95979892415333,4314822.263538708,-0.032943688602610544,-0.061365337013547294
COMP01,Energy,15,128.85205970002676,5498629.08324391,0.039466511065146426,-0.024320701700662473
COMP01,Energy,16,128.7744312079236,5649036.63274911,-0.0006024621747131587,-0.024908511572538483
COMP01,Energy,17,122.34189522084534,8350586.49933644,-0.049951965826912303,-0.07361624828058011
COMP01,Energy,18,118.60287214096965,6777968.588554307,-0.030562082376819455,-0.10192846481317608
COMP01,Energy,19,123.44859731586158,5992128.46645175,0.04085672705406629,-0.06523620122502172
COMP01,Energy,20,125.15266518572923,2121076.806732539,0.01380386579450188,-0.05233284719717313
COMP01,Energy,21,124.8886278656757,4233024.947610477,-0.002109721911728313,-0.05433216135446639
COMP01,Energy,22,116.8825438033914,5088701.114998135,-0.06410578928687782,-0.1149549445540542
COMP01,Energy,23,121.88847917917278,2647745.044021858,0.04282876820512982,-0.0770495550232635
COMP01,Energy,24,128.9557392025631,5579765.623074252,0.05798136190543213,-0.023535631252287748
COMP01,Energy,25,135.68821939840146,4625550.087302372,0.052207681778807746,0.02744330977963716
COMP01,Energy,26,133.24005059158958,4672269.473074064,-0.018042603975984672,0.008905557033508149
COMP01,Energy,27,134.81269586831613,8721556.108238332,0.011803097265003615,0.020813767454377352
COMP01,Energy,28,136.85207638251157,3416560.042688841,0.015127510810906797,0.03625613875746603
COMP01,Energy,29,130.75522047326035,2656046.2910991097,-0.04455070080347234,-0.009909798436079309
COMP01,Energy,30,131.49802131241046,7887494.419371523,0.005680850343577681,-0.004285244174352054
COMP02,Retail,1,124.09738609106682,0.0,,0.0
COMP02,Retail,2,119.00870800332667,1409267.6693968943,-0.041005521937471756,-0.041005521937471756
COMP02,Retail,3,120.74742235292246,2074553.4461019435,0.014609975847710066,-0.026994635774890918
COMP02,Retail,4,122.211301867181,0.0,0.012123484590668143,-0.015198420235070342
COMP02,Retail,5,124.5233557383987,5073297.15292111,0.018918494737339753,0.0034325432690363034
COMP02,Retail,6,127.70013486610529,1208878.3627011683,0.025511512349381427,0.029031624988415494
COMP02,Retail,7,126.2253019942464,0.0,-0.011549188052191739,0.01714714523977179
COMP02,Retail,8,122.37465300287832,0.0,-0.03050615788222555,-0.013882106162367736
COMP02,Retail,9,120.14660712265704,5021621.957526745,-0.018206759533519357,-0.03183611752717008
COMP02,Retail,10,120.05803265992698,923621.6274909864,-0.0007372198420854126,-0.03254986715171948
COMP02,Retail,11,113.50168785611248,0.0,-0.05460979710025582,-0.08538212261117961
COMP02,Retail,12,116.42131967227064,1521923.0789882091,0.025723245806347883,-0.06185518213222685
COMP02,Retail,13,111.69201734351464,3227501.9041927066,-0.04062230476401685,-0.09996478683643462
COMP02,Retail,14,113.20307067965429,3408738.3015460316,0.01352874961056827,-0.08778843579685025
COMP02,Retail,15,112.81437108492537,2983466.4536793698,-0.003433648861247529,-0.09092064999549321
COMP02,Retail,16,113.55367031038809,4384238.246409442,0.006553236244220884,-0.08496323825017094
COMP02,Retail,17,112.40982638785907,2549987.245956223,-0.010073156767213542,-0.09418054699904044
COMP02,Retail,18,112.97741139059589,0.0,0.005049247214192976,-0.08960684064941349
COMP02,Retail,19,111.83947608847764,0.0,-0.010072237344720847,-0.09877653662740282
COMP02,Retail,20,110.50785548503657,0.0,-0.011906534705040994,-0.10950698507104584
COMP02,Retail,21,108.37586422933573,0.0,-0.019292666990443297,-0.126686970265386
COMP02,Retail,22,112.1045220353498,0.0,0.034404872639574036,-0.09664074670288603
COMP02,Retail,23,113.04225374195322,4966631.9836487435,0.008364798222035397,-0.08908432882704709
COMP02,Retail,24,113.59376358002585,3270282.4233667245,0.004878793723730901,-0.08464015916768042
COMP02,Retail,25,111.45537063166284,4108982.859702642,-0.018824915039077128,-0.10187173040153197
COMP02,Retail,26,110.90961430278594,3975427.757085719,-0.00489663553926456,-0.106269537205266
COMP02,Retail,27,108.55473778422389,0.0,-0.021232393001865302,-0.12524557362906275
COMP02,Retail,28,107.41576337028633,0.0,-0.010492166783190204,-0.13442364296488052
COMP02,Retail,29,104.62308772985367,1953475.481515729,-0.025998750581939123,-0.15692754678106002
COMP02,Retail,30,108.37348136015274,2194771.3066191655,0.0358467113872889,-0.1267061718719471
COMP03,Telecom,1,125.69991321722287,161492932.057622,,0.0
COMP03,Telecom,2,125.7512787356822,54455964.03760567,0.00040863606938668084,0.00040863606938668084
COMP03,Telecom,3,124.84530310405806,273168441.24752676,-0.007204504325784455,-0.006798812276727295
COMP03,Telecom,4,127.80066356980831,58869848.05599344,0.02367217982791847,0.016712424844360196
COMP03,Telecom,5,127.64609414882271,319991094.05401576,-0.0012094571081875394,0.015482754775149488
COMP03,Telecom,6,129.87427283665897,139804263.9738505,0.017455909659393365,0.03320893000317637
COMP03,Telecom,7,128.60645180554528,333899852.7513106,-0.009761910526407513,0.02312283687340022
COMP03,Telecom,8,129.62450016119794,206083843.1917108,0.007915997536359853,0.031221874729483456
COMP03,Telecom,9,132.85222278201556,228236798.04311216,0.024900559823210155,0.05689987671218799
COMP03,Telecom,10,126.81346400976281,97576709.74117954,-0.0454547063330748,0.008858803192772546
COMP03,Telecom,11,125.3818253522174,95871733.94064,-0.011289326955339574,-0.002530533688243297
COMP03,Telecom,12,126.78453152891316,28331459.21200466,0.011187476117494155,0.008628632144049186
COMP03,Telecom,13,129.63952506701796,241035300.06331965,0.02251846896207299,0.031341404691243024
COMP03,Telecom,14,130.1713629099011,102520828.69707316,0.004102435909173474,0.03557241670446576
COMP03,Telecom,15,130.34464629678516,107173997.97845553,0.0013311943810867533,0.03695096488679117
COMP03,Telecom,16,134.23748133227767,209800439.8671615,0.02986570715477499,0.06792023873796138
COMP03,Telecom,17,137.4115395236558,357876871.32820463,0.023645096435632507,0.09317131576848414
COMP03,Telecom,18,135.33915486918042,214520558.2101848,-0.015081591121527294,0.0766845529582818
COMP03,Telecom,19,135.6824574423719,137981456.506585,0.002536609405632273,0.07941568112221487
COMP03,Telecom,20,136.62477859487083,197184244.92300132,0.006945047799559179,0.08691227462320228
COMP03,Telecom,21,140.979024189204,204524715.96713343,0.03187010174226668,0.12155227940036228
COMP03,Telecom,22,143.2567369752754,179766455.67144042,0.016156394890452175,0.1396725209166414
COMP03,Telecom,23,143.05254555311927,210194752.5334472,-0.0014253530163218509,0.13804808525133372
COMP03,Telecom,24,143.6832684053243,269347925.0673714,0.004409029212072424,0.14306577250394992
COMP03,Telecom,25,138.95351452212597,237682946.51344168,-0.03291791685762535,0.10543842844186768
COMP03,Telecom,26,141.45940168407012,171343263.96073765,0.0180339962653131,0.1253739009319219
COMP03,Telecom,27,143.17590113758462,272149074.96143097,0.012134219663589851,0.13902943504950094
COMP03,Telecom,28,146.39826758438457,138313076.7596448,0.02250634653735073,0.1646648262309678
COMP03,Telecom,29,146.08313546578708,246093967.9576881,-0.0021525672659742368,0.16215780685019143
COMP03,Telecom,30,146.4843533794016,206021275.67433503,0.002746503984427884,0.16534967789723942
COMP04,Retail,1,73.32164115498011,1908368.4598218566,,0.0
COMP04,Retail,2,71.94224292454871,3766348.379805173,-0.018812975387659026,-0.018812975387659026
COMP04,Retail,3,71.40917573274243,4184991.6068408666,-0.00740965488614731,-0.026083232618802188
COMP04,Retail,4,68.18666264171395,0.0,-0.045127437167026274,-0.07003360034471051
COMP04,Retail,5,70.24963814816213,3917045.2656022897,0.03025482442641403,-0.041897630200675384
COMP04,Retail,6,68.27507062539905,4058315.892459888,-0.028107867525218544,-0.06882784468659275
COMP04,Retail,7,72.27048749432159,978153.4332387128,0.058519410266800964,-0.014336199300786223
COMP04,Retail,8,71.30350485727182,5396409.788211535,-0.013380048628089614,-0.027524428885089325
COMP04,Retail,9,71.95477633342676,0.0,0.009133793317153138,-0.01864203801254527
COMP04,Retail,10,74.62896431291153,5380790.553221921,0.037164843193911334,0.01782997676181486
COMP04,Retail,11,77.11780901589465,0.0,0.0333495811699549,0.05177418018904634
COMP04,Retail,12,80.58296225654462,0.0,0.044933242851022515,0.09903380485191593
COMP04,Retail,13,77.9476590417613,0.0,-0.03270298262793503,0.0630921214243303
COMP04,Retail,14,76.04357434050553,0.0,-0.024427734259929945,0.03712318958835148
COMP04,Retail,15,76.44231947165834,4546087.608214187,0.0052436400394242355,0.04256149027109224
COMP04,Retail,16,77.88776702724074,0.0,0.018908996555478952,0.062275281899503376
COMP04,Retail,17,77.88862350496895,3557419.926291419,1.099630610679192e-05,0.06228696300367287
COMP04,Retail,18,75.15119620937195,3820753.964969341,-0.035145405996581336,0.02495245640403332
COMP04,Retail,19,75.99630747057965,2826571.0975753143,0.011245479830463534,0.03647853857970884
COMP04,Retail,20,75.69175385831349,0.0,-0.004007479078954712,0.03232487252056515
COMP04,Retail,21,75.36854143118816,3220214.1877052826,-0.00427011412273981,0.027916727503159544
COMP04,Retail,22,71.70303360204947,0.0,-0.04863445357351537,-0.022075440858032702
COMP04,Retail,23,72.99096810180686,3423789.147867199,0.01796206429570879,-0.004509897050371969
COMP04,Retail,24,73.24340415573766,3915416.748957745,0.003458456032241042,-0.0010670382987896243
COMP04,Retail,25,76.213591919513,3765560.0388251585,0.04055228997084592,0.039441980825553724
COMP04,Retail,26,76.10840078818691,0.0,-0.0013802148498285316,0.038007327568083005
COMP04,Retail,27,77.08248891753973,0.0,0.012798693958420593,0.05129246568022494
COMP04,Retail,28,78.52634180981701,2671146.771322765,0.018731269741716128,0.07098450843231507
COMP04,Retail,29,75.58641555887472,3729736.669462,-0.03743872671494752,0.030888212105175228
COMP04,Retail,30,80.08607369637338,5126853.584373115,0.05952998437918833,0.09225697126848575
COMP05,Retail,1,139.9667445292173,6809330.56455211,,0.0
COMP05,Retail,2,138.7812067334451,3218688.725587984,-0.008470139101683039,-0.008470139101683039
COMP05,Retail,3,140.99592324509916,4596526.2759229,0.015958331562196726,0.007353023172351092
COMP05,Retail,4,148.05367669363756,5399180.647499764,0.050056436286243455,0.05777752559453253
COMP05,Retail,5,154.74676061184556,1586657.350209176,0.045207144244433506,0.10559662677260451
COMP05,Retail,6,149.5003182578228,2183686.0953673106,-0.03390340665794289,0.06811313473548308
COMP05,Retail,7,145.60907995461912,3914302.7837227997,-0.02602829444478505,0.040311971564245486
COMP05,Retail,8,140.5675929530678,0.0,-0.034623438339989376,0.004292794162437996
COMP05,Retail,9,138.31173518291706,0.0,-0.016048206579904245,-0.011824304064990021
COMP05,Retail,10,138.51467999238517,3255186.914859623,0.0014673000031393268,-0.01037435386324237
COMP05,Retail,11,139.2900773345141,1949369.9678257601,0.005597943424997087,-0.00483448548424259
COMP05,Retail,12,134.7129358807521,3245532.2514298954,-0.03286049904882826,-0.03753612092741432
COMP05,Retail,13,129.32419268927217,2276822.6336336215,-0.04000167583200809,-0.0760362890180929
COMP05,Retail,14,127.19927648280665,0.0,-0.016430925740020363,-0.09121786813971022
COMP05,Retail,15,129.82257761461608,0.0,0.02062355387818582,-0.07247555087975699
COMP05,Retail,16,133.00872329593594,0.0,0.02454230797032908,-0.04971196019943813
COMP05,Retail,17,138.1307722808722,4562219.001792114,0.038509120740449765,-0.013117203336552974
COMP05,Retail,18,138.06817655181217,2604871.5515330182,-0.00045316281105522993,-0.013564421918871084
COMP05,Retail,19,140.64302927743591,0.0,0.01864913979404581,0.004831753074584277
COMP05,Retail,20,143.83986930064867,0.0,0.022730170415389717,0.02767175006076439
COMP05,Retail,21,142.31284433065528,2435662.2639246676,-0.010616145422112866,0.01676183731592218
COMP05,Retail,22,143.56937254507872,1734435.7333606894,0.008829338070877046,0.025739171315150466
COMP05,Retail,23,145.70264452536648,2124631.0772354035,0.014858823594969373,0.04098044871617246
COMP05,Retail,24,142.85418089023526,2044196.4496108955,-0.01954984169580609,0.0206294457353422
COMP05,Retail,25,148.1475166843366,3792930.2780665685,0.0370541188302258,0.058447970499247104
COMP05,Retail,26,148.05926628650425,2747979.961949887,-0.000595692724437602,0.05781746074402494
COMP05,Retail,27,148.3813155052071,1862952.2552569052,0.002175137205392197,0.060118358859402754
COMP05,Retail,28,145.35832576197518,1133100.0289540458,-0.020373115934033126,0.038520444630563144
COMP05,Retail,29,142.92392988011088,0.0,-0.016747550366331576,0.021127771177647636
COMP05,Retail,30,136.21672841736088,3566025.726237409,-0.04692847074927342,-0.0267921935633334
COMP06,Manufacturing,1,66.55133174279737,8805448.832805928,,0.0
COMP06,Manufacturing,2,64.56537457108092,0.0,-0.029840983188610393,-0.029840983188610393
COMP06,Manufacturing,3,63.663551025926296,7136760.524525531,-0.01396760339648917,-0.04339177956695972
COMP06,Manufacturing,4,64.84695490244978,10254532.961474221,0.018588405099199568,-0.02560995844432601
COMP06,Manufacturing,5,63.999840851285875,13806056.251771815,-0.013063281883293199,-0.03833869022144154
COMP06,Manufacturing,6,63.185724742643494,14888813.384831749,-0.012720595829825765,-0.050571595068315434
COMP06,Manufacturing,7,63.77022430978531,1302705.743653413,0.009250500323015887,-0.04178890730181439
COMP06,Manufacturing,8,63.80749216941739,20285489.438755132,0.0005844084764550228,-0.041228920617008336
COMP06,Manufacturing,9,66.80003791328853,10596021.467601297,0.046899598183949065,0.0037370577564450613
COMP06,Manufacturing,10,64.67777253590819,10572861.809990086,-0.03177042174938893,-0.028152091893967945
COMP06,Manufacturing,11,64.83947855668823,13913171.928465031,0.0025001791873748846,-0.02572229798082748
COMP06,Manufacturing,12,66.34096930182889,10052002.025980502,0.023157045345883365,-0.003160905055686447
COMP06,Manufacturing,13,65.5977479988889,10246274.482501805,-0.011203051609912196,-0.014328544883125738
COMP06,Manufacturing,14,64.43327609301332,3226935.301160842,-0.01775170552951466,-0.0318258943032087
COMP06,Manufacturing,15,63.33973873047066,0.0,-0.016971624428409826,-0.04825738160640625
COMP06,Manufacturing,16,61.34868230682048,6397868.459251426,-0.03143455378183213,-0.07817498613076146
COMP06,Manufacturing,17,63.04619963519426,11321276.272970464,0.027669988409597224,-0.05266809868132283
COMP06,Manufacturing,18,62.65073658055742,13480039.630256299,-0.006272591479345668,-0.05861032469364669
COMP06,Manufacturing,19,62.11048998633727,4005362.393972181,-0.008623148325247354,-0.06672806749566984
COMP06,Manufacturing,20,59.54503601534816,14556630.291446708,-0.04130468092512951,-0.10527656688414022
COMP06,Manufacturing,21,57.8792395109814,14740841.166043557,-0.027975405102406703,-0.13030681738017247
COMP06,Manufacturing,22,59.6185375079492,7319843.225778613,0.030050463891077905,-0.10417213379953871
COMP06,Manufacturing,23,59.99904653697724,8579870.689413102,0.006382394552655768,-0.09845460690618368
COMP06,Manufacturing,24,61.433708792670174,11029892.938330632,0.023911417572423543,-0.07689737855142276
COMP06,Manufacturing,25,62.74372270539902,4662847.937776173,0.021324024521292673,-0.057213115615983745
COMP06,Manufacturing,26,61.51900373052971,9514213.442062642,-0.01951938651488283,-0.0756157372134375
COMP06,Manufacturing,27,64.60185240659827,13478961.760913651,0.05011213591124286,-0.029292867402463285
COMP06,Manufacturing,28,67.19089433052808,14228499.733425234,0.04007689915197199,0.009610064456748058
COMP06,Manufacturing,29,66.45748424055677,5997131.368226621,-0.010915319661671696,-0.0014101521304382691
COMP06,Manufacturing,30,61.898645815761064,17415861.509247515,-0.06859781824262312,-0.06991123701352309
COMP07,Telecom,1,140.05723012363856,244411623.0968897,,0.0
COMP07,Telecom,2,142.92836782836287,59617052.75398126,0.020499746440721056,0.020499746440721056
COMP07,Telecom,3,145.98549058551725,190088481.70075527,0.021389195186399812,0.04232741470501322
COMP07,Telecom,4,146.36695916419615,218879980.53418648,0.0026130581686500953,0.045051076870415985
COMP07,Telecom,5,149.93060330082227,218614108.63310355,0.02434732645247073,0.07049527659848609
COMP07,Telecom,6,149.97405075659853,161590192.81629652,0.000289783772090102,0.0708054887577434
COMP07,Telecom,7,153.75572187859456,383877508.9387867,0.025215502968133574,0.09780638773780792
COMP07,Telecom,8,153.4119191671127,332398270.0589268,-0.0022360319816476792,0.09535165754516917
COMP07,Telecom,9,151.6140627834355,143657669.55280855,-0.011719144075883703,0.08251507365663935
COMP07,Telecom,10,156.70629739211233,278857817.3458851,0.03358682245690203,0.11887331524246503
COMP07,Telecom,11,156.71612668102182,152442836.14894223,6.272427511255785e-05,0.11894349576010632
COMP07,Telecom,12,154.26866496239282,217400632.45548487,-0.01561716570248406,0.101468769775104
COMP07,Telecom,13,151.8298141654384,355669702.7862147,-0.015809113260615626,0.08405552524069848
COMP07,Telecom,14,149.43773739596642,255329654.4760694,-0.01575498713885992,0.06697624438272132
COMP07,Telecom,15,151.7930069128856,302891876.4085154,0.01576087511736346,0.08379272372363089
COMP07,Telecom,16,151.58950829954492,203179335.6728342,-0.0013406323353055694,0.08233975615343803
COMP07,Telecom,17,158.06044543538235,200907878.31809753,0.042687236131478734,0.128541848898847
COMP07,Telecom,18,161.54225239726532,177334774.73339093,0.02202832563385626,0.15340173623782505
COMP07,Telecom,19,162.3627808555582,209764314.76024038,0.005079342686612032,0.1592602589115102
COMP07,Telecom,20,166.59094479411308,99920293.52145223,0.026041460464491184,0.1894490891120102
COMP07,Telecom,21,165.18403949986896,408478197.35676146,-0.008445268714832643,0.17940387193184626
COMP07,Telecom,22,159.83021550967064,134458848.5156158,-0.032411266889998624,0.14117789826756533
COMP07,Telecom,23,157.07723133256874,249256699.93316323,-0.01722442886235942,0.12152176073955889
COMP07,Telecom,24,157.56299469848233,252550669.2979474,0.003092512910958467,0.12499008126456679
COMP07,Telecom,25,157.0018514793638,263331931.8338233,-0.0035613896536578205,0.1209835532286836
COMP07,Telecom,26,159.41885953409528,375285280.44477737,0.015394774214170015,0.1382408419284371
COMP07,Telecom,27,159.13136038325268,227205410.44201848,-0.001803419944684137,0.1361881156922493
COMP07,Telecom,28,161.35915423164164,131538020.0469943,0.013999715976935834,0.15209442660831063
COMP07,Telecom,29,165.85072577608491,419350267.2215933,0.02783586444680619,0.1841639708973004
COMP07,Telecom,30,165.5424431756504,33598595.132247895,-0.0018587956066633549,0.18196285211062757
COMP08,Telecom,1,107.24277594334657,245046309.91780567,,0.0
COMP08,Telecom,2,104.83824750911421,77397812.6466143,-0.022421355779736696,-0.022421355779736696
COMP08,Telecom,3,105.21588024490663,266523420.6167426,0.0036020512052110654,-0.018900067446134483
COMP08,Telecom,4,107.92611601007921,216609015.05824515,0.025758809020692386,0.0063718983467346835
COMP08,Telecom,5,110.39090913247571,188064867.2193025,0.02283778211907772,0.02935520049193996
COMP08,Telecom,6,112.11385131296477,147246927.08391982,0.015607645539194026,0.04542101159514411
COMP08,Telecom,7,106.94367914150266,189743077.91239116,-0.04611537388925857,-0.0027889692262528243
COMP08,Telecom,8,108.40477116997532,159908802.6177144,0.01366225699547341,0.010835184154899036
COMP08,Telecom,9,108.02732802123688,237485079.4697218,-0.003481794617200218,0.007315663651831894
COMP08,Telecom,10,110.02940715825,240655182.1993704,0.018533080227806087,0.02598432566101705
COMP08,Telecom,11,110.58634008792399,400135857.0288354,0.005061673456742133,0.031177523289248832
COMP08,Telecom,12,110.5952018386241,237569663.15004033,8.013422537600512e-05,0.03126015590130282
COMP08,Telecom,13,111.92745905230912,53534770.06450522,0.012046247861900783,0.04368297134939225
COMP08,Telecom,14,111.63052496546048,453389733.7651328,-0.0026529154629505447,0.04091416865628128
COMP08,Telecom,15,111.6306375964689,378853974.95875794,1.008962454029927e-06,0.040915218899595374
COMP08,Telecom,16,110.56897238558385,146724921.37636828,-0.009510518203101559,0.031015575762365355
COMP08,Telecom,17,107.46660507914234,20346624.080493122,-0.02805820873167486,0.0020871255320169535
COMP08,Telecom,18,108.61825761888302,129730305.03257726,0.010716375928062183,0.01282586788188933
COMP08,Telecom,19,107.10064133807651,194478198.8003018,-0.013972018278285092,-0.0013253536568763602
COMP08,Telecom,20,106.76100221719895,184993706.85837987,-0.003171214631716879,-0.004492365307684376
COMP08,Telecom,21,107.36092008914578,122750592.00982788,0.005619260399282622,0.0011016513211257184
COMP08,Telecom,22,103.45123329074873,0.0,-0.0364162937049225,-0.03535476044186736
COMP08,Telecom,23,100.08642327121588,131726876.82002766,-0.0325255669990524,-0.06673039381143231
COMP08,Telecom,24,99.5914931783719,244085419.63807264,-0.00494502727410695,-0.07134543746812982
COMP08,Telecom,25,100.45369687992223,203110208.63383576,0.00865740309773333,-0.06330570058174223
COMP08,Telecom,26,101.85269294628873,203461735.57954323,0.013926775318570783,-0.05026056953155811
COMP08,Telecom,27,99.02000710778012,282437873.63486636,-0.02781159492761187,-0.07667433785852718
COMP08,Telecom,28,100.2051203290992,243573395.5454712,0.01196842189709324,-0.06562358678560509
COMP08,Telecom,29,99.80776993073601,361351003.5349533,-0.003965370203221075,-0.06932873517315807
COMP08,Telecom,30,98.27672312813363,288132537.1197094,-0.015339956034133406,-0.08360519145783318
COMP09,Telecom,1,74.52855322553346,144366269.6088019,,0.0
COMP09,Telecom,2,74.64663428836514,196674392.19659802,0.001584373474611045,0.001584373474611045
COMP09,Telecom,3,74.32230888515346,361632157.09456897,-0.00434480946533744,-0.0027673197915955017
COMP09,Telecom,4,73.9961978722782,140810057.882929,-0.00438779442898074,-0.007142971790211505
COMP09,Telecom,5,72.48731485222238,290928381.73636484,-0.020391358791977954,-0.027388675681574326
COMP09,Telecom,6,71.55628341613662,163442614.113806,-0.012844060205345231,-0.03988095408752079
COMP09,Telecom,7,70.4014226147387,0.0,-0.016139194858427852,-0.055376502456790155
COMP09,Telecom,8,71.18983982270736,254263952.89536327,0.011198881765261293,-0.04479777559511611
COMP09,Telecom,9,72.56711195537162,196157637.54286587,0.019346470452725306,-0.026317983984289528
COMP09,Telecom,10,72.47518700690823,303892778.73314685,-0.0012667577086424853,-0.02755140318384397
COMP09,Telecom,11,72.80725143332303,208614389.5781284,0.004581767086480948,-0.023095870209657088
COMP09,Telecom,12,72.63951615803357,142125054.871454,-0.002303826500620887,-0.025346487832434095
COMP09,Telecom,13,71.61847754131745,258491642.34060866,-0.01405624198397426,-0.0390464534499918
COMP09,Telecom,14,72.77058645434549,234467219.54669988,0.01608675515844893,-0.02358782902799872
COMP09,Telecom,15,73.66261901385279,219464613.13026926,0.0122581471851535,-0.011618824922848714
COMP09,Telecom,16,71.22669216280539,172504932.1649773,-0.03306869730750828,-0.044303302825914326
COMP09,Telecom,17,70.89569242630678,323936758.1221043,-0.004647130541202693,-0.048744550135478515
COMP09,Telecom,18,69.80957541303322,275373320.4131063,-0.015319929548647027,-0.0633177166101695
COMP09,Telecom,19,69.3504260122916,268807710.73144555,-0.0065771693643030815,-0.06947843462856651
COMP09,Telecom,20,68.54856837960921,240193770.33523297,-0.01156240384940499,-0.08023750075797154
COMP09,Telecom,21,68.52132116996609,337666423.7695627,-0.00039748765418745613,-0.08060309499620488
COMP09,Telecom,22,68.1454566876026,166486390.46011627,-0.005485365371621476,-0.08564632294168861
COMP09,Telecom,23,67.7457655752339,161458138.96121284,-0.005865264271409765,-0.09100924889517092
COMP09,Telecom,24,69.13996641792343,330121557.73597455,0.02057989648284697,-0.07230231333356818
COMP09,Telecom,25,69.86747020051044,1496401.0747838616,0.010522188833438806,-0.06254090309411964
COMP09,Telecom,26,69.01804975004272,241106815.4452437,-0.012157595631128393,-0.07393815171502416
COMP09,Telecom,27,68.36125520576283,179455175.32647732,-0.009516272144149962,-0.08275080828561854
COMP09,Telecom,28,68.99930932574088,331049019.9638112,0.009333563552300861,-0.07418960466145574
COMP09,Telecom,29,69.64159701434829,320083107.20035684,0.00930861040326092,-0.06557159638396026
COMP09,Telecom,30,68.91900694597963,154088841.41318935,-0.01037584000579117,-0.0752670759967472
COMP10,Retail,1,115.15194668022647,1159501.5291481966,,0.0
COMP10,Retail,2,114.01088519942486,4033353.2027503215,-0.009909180988232014,-0.009909180988232014
COMP10,Retail,3,116.29710490571205,4518236.701948439,0.020052644116289375,0.009944757848216357
COMP10,Retail,4,112.01297425650802,3671231.0504739974,-0.03683780995818764,-0.027259395209664028
COMP10,Retail,5,112.77501346707822,3781691.137112427,0.006803133437249365,-0.02064171107544477
COMP10,Retail,6,112.70276198683912,5371853.128473873,-0.0006406692228877464,-0.021269155789338745
COMP10,Retail,7,112.43710208371321,2304358.906231647,-0.0023571729604722202,-0.023576193670892254
COMP10,Retail,8,109.58913611462353,0.0,-0.025329414546537143,-0.04830843703450993
COMP10,Retail,9,107.38083944298683,2971074.1462169983,-0.02015068965711131,-0.06748567836911878
COMP10,Retail,10,111.30268778624702,5078658.302982777,0.03652279460287211,-0.03342764933595754
COMP10,Retail,11,114.34781556299126,4290099.385243156,0.02735897791248587,-0.006983217743320447
COMP10,Retail,12,116.25995534248456,2575887.9075168045,0.01672213649276011,0.009622144429177304
COMP10,Retail,13,118.719472529884,568005.4443079918,0.02115532540980314,0.030981029435519725
COMP10,Retail,14,120.98101523662088,2324407.5941572,0.019049467273935194,0.05062066881579974
COMP10,Retail,15,120.15442587442668,0.0,-0.006832389037052744,0.043442419676081645
COMP10,Retail,16,120.31136322109681,0.0,0.001306130386192761,0.044805291526663016
COMP10,Retail,17,116.50636323635,2901779.1222143304,-0.031626272721674176,0.011761994435792511
COMP10,Retail,18,116.30669072842115,2412360.630566028,-0.0017138334970063784,0.01002800283873051
COMP10,Retail,19,119.40531345526647,0.0,0.026641826944252767,0.03693699409920925
COMP10,Retail,20,117.71260958696293,6712858.818745142,-0.014176118460069054,0.022237252435231003
COMP10,Retail,21,120.42332559762282,0.0,0.023028255173098477,0.04577759273175652
COMP10,Retail,22,120.69734540866975,3578726.2688435307,0.00227547121529037,0.04815722954161328
COMP10,Retail,23,117.10441275226103,0.0,-0.029768116641201936,0.016955562874299446
COMP10,Retail,24,114.31558625876961,2496120.3602650533,-0.02381487108766167,-0.00726310275743236
COMP10,Retail,25,116.68121842059486,3460252.808968706,0.020693872456467144,0.013280467976934274
COMP10,Retail,26,118.13867156490478,4237607.993117172,0.012490897541507673,0.025937250483245133
COMP10,Retail,27,118.43400988322134,6725840.914160065,0.002499929230660891,0.028502021004552125
COMP10,Retail,28,117.75253094900997,3416883.1639707945,-0.005754081406880718,0.022583936648550518
COMP10,Retail,29,118.32980961144283,2900578.9022329296,0.004902473499128757,0.027597127298604862
COMP10,Retail,30,120.67491050377023,2552201.7813441637,0.019818344168962776,0.04796240083444614
COMP11,Energy,1,109.77235652558643,8092008.295200254,,0.0
COMP11,Energy,2,111.79336936925786,4699160.291076334,0.018410945229187625,0.018410945229187625
COMP11,Energy,3,115.68935840692916,6991097.170724558,0.034849911579305726,0.053902476621821904
COMP11,Energy,4,111.36822353429324,3226003.878540932,-0.03735118711123486,0.014537968020526426
COMP11,Energy,5,106.33863221062738,5848280.838157981,-0.045161816935304855,-0.031280409965132705
COMP11,Energy,6,110.41747972483375,2406996.465038342,0.03835715609099899,0.005876918558243238
COMP11,Energy,7,110.02571456151257,1974808.9983223681,-0.0035480357303706578,0.0023080313108434503
COMP11,Energy,8,112.55513379078448,7989377.150728759,0.0229893460756192,0.02535043751702104
COMP11,Energy,9,110.1865172507681,5355511.7871608045,-0.02104405601275472,0.003772905477210209
COMP11,Energy,10,115.83122738565194,5347816.08331301,0.05122868274379999,0.05519486919872452
COMP11,Energy,11,110.62782449623397,7178873.418720868,-0.04492228051847891,0.0077931092829197635
COMP11,Energy,12,106.15009494354857,0.0,-0.04047561789337939,-0.032997939523996433
COMP11,Energy,13,110.87832513108658,4356753.727908073,0.04454287290136216,0.010075110351141614
COMP11,Energy,14,102.55386536493741,0.0,-0.07507743065479688,-0.0657587337023825
COMP11,Energy,15,103.75114989158253,4097989.9397401446,0.011674689416967254,-0.05485175707784362
COMP11,Energy,16,103.44348888421658,5381875.501546632,-0.0029653744338009602,-0.057654475513556847
COMP11,Energy,17,101.20993306954976,3210873.5351724317,-0.021592038694352333,-0.07800163654171788
COMP11,Energy,18,100.62982746949959,8943337.500923634,-0.005731706191837271,-0.08328626027041552
COMP11,Energy,19,98.1280250975952,0.0,-0.024861439543485964,-0.10607708348938549
COMP11,Energy,20,102.80054792626585,4573729.326665358,0.04761659907068849,-0.06351151437379898
COMP11,Energy,21,108.54616818266719,1911071.012787065,0.05589094973036923,-0.011170283500595346
COMP11,Energy,22,106.3625422153297,6006858.165203756,-0.020117024892696067,-0.031062595522051484
COMP11,Energy,23,107.27216620981291,2868872.550269949,0.008552108435333272,-0.02277613777190568
COMP11,Energy,24,103.117273712474,0.0,-0.038732251283267405,-0.060626217963729356
COMP11,Energy,25,106.51741416213929,0.0,0.0329735293346296,-0.029651749005574435
COMP11,Energy,26,109.94373778705189,5183611.549161347,0.03216679311888937,0.0015612424374393807
COMP11,Energy,27,109.00141821597535,4211156.305842958,-0.008570925366406024,-0.0070230642213767736
COMP11,Energy,28,109.08391463243154,4145428.7487845356,0.0007568380100591021,-0.006271541533267477
COMP11,Energy,29,108.80469451068649,0.0,-0.002559681898893329,-0.008815170280819906
COMP11,Energy,30,103.67393634394566,4794311.67372786,-0.04715566906202662,-0.055555154090358716
COMP12,Telecom,1,74.41472904223743,38435556.08182651,,0.0
COMP12,Telecom,2,74.4114326737645,285712072.8298977,-4.4297258289582864e-05,-4.4297258289582864e-05
COMP12,Telecom,3,74.690691711624,27901630.570346445,0.003752905001625617,0.003708441499933768
COMP12,Telecom,4,74.94805912226094,341463864.6717417,0.0034457762371598033,0.007166996196690922
COMP12,Telecom,5,74.44024343553279,236087623.72663826,-0.006775568209174909,0.0003428675159304895
COMP12,Telecom,6,74.84783976931868,116079446.19436109,0.005475483622496169,0.005820228503894853
COMP12,Telecom,7,75.71829178427625,249791749.64186305,0.011629621077111851,0.017517536633089303
COMP12,Telecom,8,75.94401516410642,204672117.76821345,0.0029810944556603047,0.020550852520083263
COMP12,Telecom,9,76.67236497944673,207168652.7942087,0.009590615057242236,0.030338562892943788
COMP12,Telecom,10,78.0856034253141,105488481.33609588,0.018432174959598813,0.0493299435518082
COMP12,Telecom,11,75.5599800245969,281795276.19150484,-0.032344289983401,0.0153901115693027
COMP12,Telecom,12,76.88779316395267,25143161.401972592,0.017572968374575115,0.0332335298877664
COMP12,Telecom,13,77.39706246261358,305501169.25817555,0.0066235390262139315,0.0400771924961707
COMP12,Telecom,14,75.89703137339971,206948733.0529442,-0.019380982190873808,0.019919474951268334
COMP12,Telecom,15,77.0350141085585,105064230.58496532,0.014993771357935115,0.03521191436219295
COMP12,Telecom,16,76.51817320613097,322458591.4030396,-0.006709168660619658,0.028266503029254153
COMP12,Telecom,17,76.19157368500092,162654804.33681744,-0.004268260825441184,0.023877593396260943
COMP12,Telecom,18,75.53156428831532,165814025.3945463,-0.008662498551536335,0.015008255226515388
COMP12,Telecom,19,75.97708777043168,241793489.0626052,0.005898507283865095,0.020995288813152158
COMP12,Telecom,20,74.94342245286786,216547508.15972203,-0.01360496102044717,0.00710468770678907
COMP12,Telecom,21,76.20278456723995,220339936.33079427,0.016804171375601307,0.02402824747218535
COMP12,Telecom,22,76.04585231776409,161647051.2945524,-0.002059403083064293,0.02191936054219612
COMP12,Telecom,23,75.58205094467225,207314730.20471972,-0.0060989700155349436,0.015686705003954637
COMP12,Telecom,24,76.64685668697057,305152193.98155785,0.014088076851444198,0.02999577736104042
COMP12,Telecom,25,76.24063391987417,156774225.34900093,-0.005299927285412731,0.0245368746367447
COMP12,Telecom,26,77.58698988107817,241083256.6530811,0.017659296519215273,0.042629475100825154
COMP12,Telecom,27,79.00178365130523,134190286.76087192,0.018234935681814557,0.061641756519252855
COMP12,Telecom,28,77.16005964094525,187972646.19352773,-0.023312435811435717,0.0368923012156579
COMP12,Telecom,29,78.75065889795037,119858537.71482763,0.020614282368452974,0.05826709189859236
COMP12,Telecom,30,76.73884218040139,0.0,-0.025546665205125607,0.031231896804257087
COMP13,Agriculture,1,113.79852057932976,0.0,,0.0
COMP13,Agriculture,2,113.99206100235862,1266792.161375264,0.0017007288147823374,0.0017007288147823374
COMP13,Agriculture,3,121.48217132824884,380187.4921685952,0.06570729803486253,0.06751977714475421
COMP13,Agriculture,4,122.74161163073667,1683418.5479067545,0.010367285081567923,0.07858705900462581
COMP13,Agriculture,5,124.53056414629175,0.0,0.014574947255353576,0.09430740849992514
COMP13,Agriculture,6,128.19541037249104,0.0,0.029429291124819956,0.12651209980471667
COMP13,Agriculture,7,126.71868067646174,834990.1389931419,-0.011519364786449326,0.11353539599071705
COMP13,Agriculture,8,123.33713316787997,1272518.4697681884,-0.026685469660274852,0.0838201809653647
COMP13,Agriculture,9,123.88104713282024,890614.3014180703,0.004409977360183337,0.08859980342593166
COMP13,Agriculture,10,124.70418386637418,0.0,0.006644573585751212,0.09583308492522957
COMP13,Agriculture,11,119.75843038763466,347399.6714463341,-0.039659884098508735,0.052372471785783636
COMP13,Agriculture,12,120.88515124322193,0.0,0.00940828008466954,0.062273486753740226
COMP13,Agriculture,13,124.1604516464164,0.0,0.02709431530266726,0.09105505954150983
COMP13,Agriculture,14,121.35722782684829,1632381.7179612808,-0.022577429305356667,0.06642184106645965
COMP13,Agriculture,15,122.6843612511819,1197353.320164609,0.010935759229991238,0.07808397355796637
COMP13,Agriculture,16,125.45021415901358,0.0,0.02254446189901027,0.10238879662377753
COMP13,Agriculture,17,127.30215515470856,1386163.1897741521,0.014762358184160274,0.11866265489774319
COMP13,Agriculture,18,129.48643040335315,0.0,0.01715819536589991,0.1378568872790149
COMP13,Agriculture,19,128.69478395544647,561886.6191614021,-0.006113740609272278,0.13090032541971697
COMP13,Agriculture,20,125.11627145872903,1293190.0717045926,-0.0278061968537614,0.0994542883491134
COMP13,Agriculture,21,123.7238808175397,0.0,-0.011128773459722519,0.08721871064475573
COMP13,Agriculture,22,121.92284023090872,0.0,-0.014556935772868651,0.07139213770283903
COMP13,Agriculture,23,121.67692925144473,0.0,-0.002016939393785888,0.0692312046941137
COMP13,Agriculture,24,125.04687712556156,0.0,0.027695865558481136,0.09884448839025461
COMP13,Agriculture,25,121.01084634586225,219552.61006045714,-0.03227614213545438,0.06337802749821009
COMP13,Agriculture,26,121.4465115110283,748428.4435245229,0.003600215834544951,0.06720641791091642
COMP13,Agriculture,27,118.25891199422439,0.0,-0.026246941778269695,0.039195513194612897
COMP13,Agriculture,28,116.08964766022925,1524484.09215696,-0.01834334763794454,0.020133188632291965
COMP13,Agriculture,29,117.721155161224,0.0,0.014053858667655295,0.03446999628751479
COMP13,Agriculture,30,114.2692618879844,1277762.5275781485,-0.029322624880057435,0.004136620636701505
COMP14,Retail,1,92.26891133961895,4300301.880890759,,0.0
COMP14,Retail,2,87.6702540110537,2566337.0793817947,-0.049839726748684976,-0.049839726748684976
COMP14,Retail,3,86.73488121360762,2459878.6395717314,-0.010669215094644802,-0.059977191078389724
COMP14,Retail,4,85.33132008204386,3854725.7874070536,-0.016182199271215003,-0.07518882749184652
COMP14,Retail,5,86.84843788811087,3144270.7601210554,0.017779143749426796,-0.058746476714748086
COMP14,Retail,6,85.63995423132717,4094849.5367554436,-0.013914857724218632,-0.07184388557368182
COMP14,Retail,7,86.17880010330579,0.0,0.0062919915921850755,-0.06600393510547631
COMP14,Retail,8,87.75727225649239,1082745.6962719094,0.018316246586102647,-0.04889663287041868
COMP14,Retail,9,86.46448174657708,3344300.914406788,-0.014731434520170672,-0.06290774984520198
COMP14,Retail,10,87.05576258506802,2861253.4620510535,0.006838424594088899,-0.05649951515481333
COMP14,Retail,11,89.01895002217353,2927375.37323243,0.022550918845689827,-0.035222712290200575
COMP14,Retail,12,86.64919168557743,1737966.1342803577,-0.026620830014348784,-0.06090588446802758
COMP14,Retail,13,86.71895081309539,0.0,0.0008050753407036204,-0.060149842953012955
COMP14,Retail,14,85.44951063512032,0.0,-0.014638555541464982,-0.07390789167759981
COMP14,Retail,15,83.29136690574347,3290240.041816249,-0.025256361485700984,-0.09729760873444526
COMP14,Retail,16,80.54378639531942,1836571.3325760253,-0.03298757857502033,-0.12707557479617648
COMP14,Retail,17,78.48163892120064,3870920.187795639,-0.02560281266139497,-0.14942489532222591
COMP14,Retail,18,78.60563087209584,0.0,0.0015798848316572744,-0.1480810846161602
COMP14,Retail,19,75.88831791869524,0.0,-0.03456893511639281,-0.17753101432649188
COMP14,Retail,20,74.99374903860954,2449251.737010512,-0.011787965587063298,-0.18722625042603802
COMP14,Retail,21,76.36718138510912,4372785.503042595,0.01831395768455968,-0.1723411463692196
COMP14,Retail,22,77.14519395526708,0.0,0.010187786900691664,-0.16390913434195842
COMP14,Retail,23,76.26972834017859,0.0,-0.011348284581358725,-0.1733973314213204
COMP14,Retail,24,79.17869843150403,581280.6760042822,0.03814055923145343,-0.1418702433795178
COMP14,Retail,25,82.56716675177852,1204946.1623334987,0.042795201075523925,-0.1051464078960539
COMP14,Retail,26,82.63594852743455,4058525.738689054,0.0008330402793499392,-0.10440095880971034
COMP14,Retail,27,78.28804065887513,0.0,-0.05261521100730082,-0.15152309133987374
COMP14,Retail,28,79.85038644059952,0.0,0.019956378631724947,-0.1345905648903768
COMP14,Retail,29,75.94012757525388,2076277.346542948,-0.04896981767589148,-0.17696950714269133
COMP14,Retail,30,78.46702314374456,2327453.882064072,0.03327483965557754,-0.1495832994612134
COMP15,Manufacturing,1,111.80516742871859,4767805.913766325,,0.0
COMP15,Manufacturing,2,109.02425768282224,8441613.572564831,-0.024872819475623253,-0.024872819475623253
COMP15,Manufacturing,3,110.43111506913756,12215333.327126184,0.01290407672766003,-0.0122897035189099
COMP15,Manufacturing,4,108.85719231127662,14047613.24730698,-0.014252529795389268,-0.0263670739487194
COMP15,Manufacturing,5,107.37242758667078,11284209.333328655,-0.01363956476444994,-0.03964700330039672
COMP15,Manufacturing,6,108.46376425089514,11860181.844060728,0.01016403082945505,-0.029885945834782435
COMP15,Manufacturing,7,106.28860594165525,10666611.314254053,-0.02005423953578067,-0.04934084545403905
COMP15,Manufacturing,8,107.32591545963125,0.0,0.009759367043965295,-0.04006301383111932
COMP15,Manufacturing,9,108.93729168048321,9649446.96873409,0.015013859550613962,-0.02565065474334005
COMP15,Manufacturing,10,108.03138273136015,10610871.596879315,-0.008315875446767262,-0.03375322254013369
COMP15,Manufacturing,11,110.97038099256912,273145.71495140716,0.027205041599044577,-0.0074664387643952335
COMP15,Manufacturing,12,108.21357661334268,9610767.244911892,-0.02484270446373471,-0.03212365669650952
COMP15,Manufacturing,13,111.1982850372854,9504841.64875632,0.027581644719196108,-0.005428035263397968
COMP15,Manufacturing,14,106.98998273510733,13904593.432338836,-0.037845028821865356,-0.04306763993427387
COMP15,Manufacturing,15,112.95951651469676,9879538.131599601,0.05579525883623315,0.01032464878436068
COMP15,Manufacturing,16,112.07916464716652,0.0,-0.007793516603939232,0.0024506668586907754
COMP15,Manufacturing,17,109.5366619654778,0.0,-0.022684882508650972,-0.02028980873971742
COMP15,Manufacturing,18,109.06083736820341,11036872.07337304,-0.004343975694862445,-0.024545645998561127
COMP15,Manufacturing,19,106.83400862618794,9507944.306572359,-0.020418225237877174,-0.04446269270783043
COMP15,Manufacturing,20,107.69634154497912,0.0,0.008071707969027786,-0.0367498746098569
COMP15,Manufacturing,21,110.71604397905698,10376717.766721636,0.02803904376655808,-0.009741262185900101
COMP15,Manufacturing,22,108.57048970697923,10943048.52960562,-0.019378892118685154,-0.02893137943558488
COMP15,Manufacturing,23,109.86887634577013,9927000.139197923,0.011958927718711765,-0.017318439992345946
COMP15,Manufacturing,24,106.58394750735141,7556440.433725644,-0.029898629599893867,-0.04669927196966073
COMP15,Manufacturing,25,108.84142525901491,14778127.498025779,0.02118027906132669,-0.026508096520612257
COMP15,Manufacturing,26,109.78421267303672,6808162.089034223,0.00866202745671707,-0.018075682923782033
COMP15,Manufacturing,27,112.20644153064995,9421077.39485712,0.02206354446269243,0.003589047905028009
COMP15,Manufacturing,28,111.96579966557805,7265624.799340307,-0.0021446350297650296,0.0014367156774024448
COMP15,Manufacturing,29,111.02887832633,12838134.309229499,-0.008367924330880183,-0.006943230981551252
COMP15,Manufacturing,30,112.88986318022809,9154655.65779603,0.01676126861723648,0.009701660276131951
COMP16,Energy,1,145.9826518075929,5744991.4195799995,,0.0
COMP16,Energy,2,145.5057734128873,0.0,-0.0032666785320090153,-0.0032666785320090153
COMP16,Energy,3,149.80459521434818,0.0,0.029543994720144573,0.026180805454833367
COMP16,Energy,4,149.60462003450317,8198244.670298751,-0.0013349068468753167,0.02481094967149966
COMP16,Energy,5,146.17657880193264,5589049.484907711,-0.022914006477740667,0.0013284249322673691
COMP16,Energy,6,144.5969397170876,1565008.5317184809,-0.010806376081529678,-0.009492306608676504
COMP16,Energy,7,140.31393753427992,0.0,-0.02962028235996983,-0.038831424166649975
COMP16,Energy,8,140.06643078824223,2607805.5363512402,-0.001763949828413991,-0.04052687731106819
COMP16,Energy,9,143.64078938576648,4920522.190387651,0.025519023918929573,-0.01604205974359929
COMP16,Energy,10,143.55748465273908,6606891.624731164,-0.0005799517907387752,-0.016612707913062574
COMP16,Energy,11,154.1451279932278,6704333.576503666,0.07375194240899297,0.05591401501866877
COMP16,Energy,12,156.14504255388132,0.0,0.012974231405752823,0.06961368779409849
COMP16,Energy,13,157.2652654868349,0.0,0.007174245910285704,0.07728735941934084
COMP16,Energy,14,153.07605735291503,0.0,-0.02663784733998087,0.048590743197837405
COMP16,Energy,15,152.02255551026704,4642780.0509053115,-0.006882211763653889,0.04137411964974258
COMP16,Energy,16,148.5480516536506,0.0,-0.022855186488308976,0.017573319941049048
COMP16,Energy,17,139.23861683373207,7035081.833213506,-0.06266951815446276,-0.0461975097064935
COMP16,Energy,18,143.40416836983323,6078264.2063656105,0.02991663972844072,-0.017662944232293087
COMP16,Energy,19,141.25594804689817,5683258.438738229,-0.014980180474216676,-0.03237853061420404
COMP16,Energy,20,138.10461490421343,0.0,-0.022309383684419926,-0.05396556923601392
COMP16,Energy,21,139.01454639726137,2412928.5128126726,0.00658871170727382,-0.04773242110655507
COMP16,Energy,22,141.2037050663963,7155907.7902115155,0.01574769494178674,-0.03273640177118731
COMP16,Energy,23,139.8863517284537,8089052.007356187,-0.009329453057362658,-0.04176044210495866
COMP16,Energy,24,139.91040725079267,6890387.454027187,0.0001719647559732529,-0.04159565867322135
COMP16,Energy,25,143.1134813996128,7393789.903604832,0.022893751878504176,-0.019654187483604812
COMP16,Energy,26,141.61074822568435,5166161.028564101,-0.010500290812801905,-0.02994810361213951
COMP16,Energy,27,142.9367316268768,6547665.487284559,0.009363578808857298,-0.020864946231630266
COMP16,Energy,28,136.02990586502048,7244350.05760337,-0.04832085974853506,-0.06817759383964594
COMP16,Energy,29,131.0901412451245,5463025.478591143,-0.03631381341098339,-0.10201561882912658
COMP16,Energy,30,133.52668974186398,0.0,0.018586817235808795,-0.08532494725569273
COMP17,Agriculture,1,88.53758830473618,0.0,,0.0
COMP17,Agriculture,2,81.42028354180135,0.0,-0.08038738008582158,-0.08038738008582158
COMP17,Agriculture,3,83.9213804880598,1309239.9766155486,0.030718352202425914,-0.05213839573750223
COMP17,Agriculture,4,85.22917833767407,0.0,0.01558360744316345,-0.037367292586228285
COMP17,Agriculture,5,84.25752807764212,0.0,-0.011400441480056478,-0.04834173043388734
COMP17,Agriculture,6,83.50633437192958,1352886.3129867231,-0.008915449133759634,-0.056826191328925746
COMP17,Agriculture,7,82.68683964070348,1218048.6990355728,-0.009813563694176186,-0.06608208757499812
COMP17,Agriculture,8,81.83886899025156,622633.7939966483,-0.01025520692454307,-0.07565960901745383
COMP17,Agriculture,9,78.93508972616465,1121512.1237962022,-0.035481664151942205,-0.10845674433237151
COMP17,Agriculture,10,75.72295707665464,449323.3837447673,-0.04069334260153867,-0.14473661947934546
COMP17,Agriculture,11,75.77701751549164,0.0,0.0007139240320774842,-0.1441260263982359
COMP17,Agriculture,12,77.84077554529696,1674795.1452101567,0.027234616740932305,-0.12081662674865301
COMP17,Agriculture,13,76.80046222716818,1669575.3672490083,-0.013364631979076336,-0.1325665889742802
COMP17,Agriculture,14,77.38432784662248,835431.6109362519,0.007602371164476596,-0.1259720382231947
COMP17,Agriculture,15,78.81696774684362,0.0,0.018513308057164446,-0.10979088931624514
COMP17,Agriculture,16,76.88273548667817,1211499.5383198643,-0.024540810379537925,-0.13163734229967228
COMP17,Agriculture,17,76.84339038337932,1277542.3052031687,-0.0005117547268550515,-0.1320817309943748
COMP17,Agriculture,18,75.57261238661422,958865.7919102402,-0.01653724530405354,-0.14643470831279037
COMP17,Agriculture,19,78.66784026171197,1039962.2175609639,0.04095700515503142,-0.11147523026100148
COMP17,Agriculture,20,81.80050543477623,0.0,0.0398214208327381,-0.07609291148491315
COMP17,Agriculture,21,79.79512014349889,0.0,-0.02451556112787512,-0.0987430121898819
COMP17,Agriculture,22,80.5676304139402,0.0,0.009681171844243996,-0.09001778841506647
COMP17,Agriculture,23,82.74589812973687,0.0,0.027036512115413913,-0.06541504332673931
COMP17,Agriculture,24,84.51847766997805,0.0,0.021421962662873772,-0.045394399279601205
COMP17,Agriculture,25,84.68993445419271,1058384.64388526,0.002028630767394457,-0.043457856987252685
COMP17,Agriculture,26,87.50082251821267,618375.3009014712,0.03319034407259247,-0.011709894140724653
COMP17,Agriculture,27,85.54331247266988,618558.1547921208,-0.022371333082444433,-0.03381926128098678
COMP17,Agriculture,28,84.896511477664,572299.7624191367,-0.007561093629762317,-0.04112464430971419
COMP17,Agriculture,29,83.0530401955413,225392.5061967537,-0.021714334900648002,-0.061945984911151
COMP17,Agriculture,30,84.69268883440748,0.0,0.019742186860417954,-0.04342674726010165
COMP18,Agriculture,1,65.6381804403448,1083927.251484017,,0.0
COMP18,Agriculture,2,67.38830465185318,1220527.8899044169,0.026663204247396433,0.026663204247396433
COMP18,Agriculture,3,70.90150169937263,825918.2685532132,0.052133631579984296,0.08018688549435637
COMP18,Agriculture,4,68.60978537425547,0.0,-0.03232253577412514,0.045272506245224164
COMP18,Agriculture,5,66.75572945455782,919659.4086837522,-0.02702319952735699,0.017025898748499024
COMP18,Agriculture,6,66.47378825989759,943321.7295809507,-0.004223475602227689,0.012730514678300997
COMP18,Agriculture,7,66.657602814621,662952.0314439079,0.0027652185851774203,0.015530935919265687
COMP18,Agriculture,8,67.98117645350452,1401220.5238644734,0.019856304202304775,0.035695627109729955
COMP18,Agriculture,9,66.48258440922902,0.0,-0.022044220510076817,0.012864524324400772
COMP18,Agriculture,10,64.73809345874565,0.0,-0.026239818532704295,-0.013712856992085354
COMP18,Agriculture,11,64.96115511850968,994558.8662218711,0.003445601312095592,-0.0103145047180343
COMP18,Agriculture,12,64.54205066606976,0.0,-0.006451616380209746,-0.016699575870651406
COMP18,Agriculture,13,66.0539930851291,1582943.4233084084,0.02342569539480377,0.006334920346584116
COMP18,Agriculture,14,66.86288164244964,1318175.301067715,0.012245869167637702,0.018658366119973513
COMP18,Agriculture,15,67.7968655737338,0.0,0.01396864610590165,0.032887644339119504
COMP18,Agriculture,16,67.61916371229407,0.0,-0.0026210925820230324,0.030180350196479022
COMP18,Agriculture,17,71.7199130373751,1323581.1596155982,0.060644780265678655,0.09265541116816434
COMP18,Agriculture,18,70.23257513521007,0.0,-0.020738144249978885,0.06999576563583898
COMP18,Agriculture,19,71.3123826830684,0.0,0.015374739510540802,0.08644667180987176
COMP18,Agriculture,20,69.0834526739602,1633037.5861926368,-0.03125586223943999,0.05248884430528444
COMP18,Agriculture,21,67.25329683776913,1151947.1402836326,-0.02649195668937543,0.024606355425897952
COMP18,Agriculture,22,66.23903229658451,892612.6918833419,-0.015081261274540347,0.009153999276165337
COMP18,Agriculture,23,68.99199506639037,0.0,0.04156103545534151,0.051095484419981796
COMP18,Agriculture,24,69.44779679603533,0.0,0.0066065886224386805,0.058039639888447514
COMP18,Agriculture,25,68.42928617069899,721224.1019677713,-0.014665845027851065,0.04252259449652018
COMP18,Agriculture,26,69.07199051780194,0.0,0.009392240998973733,0.05231421795090685
COMP18,Agriculture,27,69.1318463909798,674658.1408844329,0.0008665722926060049,0.053226124295298494
COMP18,Agriculture,28,68.2859246677818,917887.8903220084,-0.0122363536829877,0.040338476930258826
COMP18,Agriculture,29,65.94199176769763,0.0,-0.03432527144484976,0.004628576315106159
COMP18,Agriculture,30,68.35580602466133,0.0,0.03660511598538241,0.04140312187335016
COMP19,Manufacturing,1,59.403610443426636,0.0,,0.0
COMP19,Manufacturing,2,60.95083938987149,0.0,0.026046042233718536,0.026046042233718536
COMP19,Manufacturing,3,60.11272327027067,6910520.862742798,-0.013750690359484952,0.011937200812387694
COMP19,Manufacturing,4,59.00686893855659,11173575.822567612,-0.018396343927758574,-0.00667874396705026
COMP19,Manufacturing,5,57.712617886334314,9700140.196643809,-0.021933904908087443,-0.02846615794005891
COMP19,Manufacturing,6,56.42659267031264,11106836.175619937,-0.022283259070911,-0.050115098238838085
COMP19,Manufacturing,7,57.051370429262235,12928562.253940463,0.011072399189510307,-0.03959759342244973
COMP19,Manufacturing,8,57.1240644766749,10536740.696710877,0.0012741858235079118,-0.038373862291125715
COMP19,Manufacturing,9,58.245253834482675,10451151.450516373,0.019627268614010873,-0.019499767780059796
COMP19,Manufacturing,10,60.66454150895408,7606528.759079125,0.041536219952725606,0.021226505529126083
COMP19,Manufacturing,11,58.501450282522725,16564186.518915832,-0.03565659893946582,-0.01518695840487816
COMP19,Manufacturing,12,58.96553491590385,11789437.208762443,0.007932873990984968,-0.007374560641225436
COMP19,Manufacturing,13,57.67828344499137,5144290.477389743,-0.021830573957284494,-0.029044143707029124
COMP19,Manufacturing,14,58.61312915639196,13182812.566798968,0.0162079322678208,-0.013306956953188731
COMP19,Manufacturing,15,58.312733244434156,12474655.749922596,-0.005125061846745771,-0.018363819822557415
COMP19,Manufacturing,16,58.36211325775958,8729707.204705048,0.0008468135616013228,-0.01753255699262468
COMP19,Manufacturing,17,56.900457707177296,0.0,-0.02504459604001663,-0.042138057225212466
COMP19,Manufacturing,18,56.43417104664832,7298154.220576887,-0.00819477872969998,-0.04998752389985239
COMP19,Manufacturing,19,56.55242531867557,13471387.77212518,0.0020954373889801037,-0.04799683223743456
COMP19,Manufacturing,20,58.12463896996656,8487655.596066661,0.0278009942532349,-0.021530197641406068
COMP19,Manufacturing,21,57.225433551520624,15831820.934262764,-0.015470296837638231,-0.03666741593055878
COMP19,Manufacturing,22,56.6156025495212,7937343.864631155,-0.01065664275746181,-0.04693330713560939
COMP19,Manufacturing,23,57.712304681065696,11128830.571559738,0.019371022865741327,-0.028471430435556777
COMP19,Manufacturing,24,56.745910824517594,12986240.38272428,-0.016745022779607655,-0.04473969846395298
COMP19,Manufacturing,25,58.074768980010255,0.0,0.023417690123999524,-0.022369708734823468
COMP19,Manufacturing,26,58.08163780231798,3756436.3889837386,0.00011827549947018845,-0.022254079023826923
COMP19,Manufacturing,27,58.45235795027825,4287876.667596941,0.006382742670274277,-0.01601337841332573
COMP19,Manufacturing,28,58.901259520415174,9046886.157201666,0.007679785484766555,-0.008456572239659899
COMP19,Manufacturing,29,58.197247709742754,5945048.034336545,-0.011952406729577758,-0.02030790257829118
COMP19,Manufacturing,30,58.67042693494416,9802492.38577526,0.00813061173547891,-0.012342406513838333
COMP20,Energy,1,52.717501609084415,3383716.291185462,,0.0
COMP20,Energy,2,52.253588379781014,3569056.6057370566,-0.008799985112030728,-0.008799985112030728
COMP20,Energy,3,53.12165402945953,3973377.5433532605,0.016612555741997603,0.007666380386764482
COMP20,Energy,4,54.56415546932936,5055443.37695314,0.02715467856234044,0.03502923704424421
COMP20,Energy,5,56.24536118835285,0.0,0.03081154110354567,0.06692008292480445
COMP20,Energy,6,59.840287404848034,2759154.680176766,0.06391507033720689,0.135112355069122
COMP20,Energy,7,60.88640530103932,4780124.569259633,0.01748183275113302,0.15495619941418504
COMP20,Energy,8,65.12407437813522,0.0,0.06959959380330782,0.23534068175402445
COMP20,Energy,9,63.64048552779737,0.0,-0.022780958723859435,0.2071984366730817
COMP20,Energy,10,67.77804888730655,7864340.2870492665,0.0650146416262325,0.28568401040513014
COMP20,Energy,11,67.02576503114645,4456951.049017235,-0.011099225612276276,0.2714139135075475
COMP20,Energy,12,66.47769848250327,4274524.173031104,-0.008176953271454512,0.26101762134811923
COMP20,Energy,13,66.25562413239581,3994801.078787535,-0.00334058421360528,0.2568050857891657
COMP20,Energy,14,65.83895816425044,3208002.386370996,-0.006288763763099725,0.24890133550837534
COMP20,Energy,15,66.02523017751314,3138237.6116131917,0.0028292065739861094,0.25243473537705574
COMP20,Energy,16,64.90249743963776,3752789.130141587,-0.017004601647837347,0.23113758161205422
COMP20,Energy,17,66.55541903247534,1902474.1557534426,0.025467765618339744,0.2624919049844796
COMP20,Energy,18,65.47706433356285,0.0,-0.016202357592945416,0.24203655968172222
COMP20,Energy,19,66.79433225234169,0.0,0.020118005169996955,0.26702385761072445
COMP20,Energy,20,69.94435091889669,4609404.608835812,0.04715996942157563,0.3267766639920531
COMP20,Energy,21,69.21633349331536,5609323.657396164,-0.010408523576485695,0.31296687780416077
COMP20,Energy,22,70.90339880865719,9592886.153610377,0.02437380355468788,0.3449688745575712
COMP20,Energy,23,72.12084747151657,3986778.9866007646,0.017170526142827658,0.36806269777945144
COMP20,Energy,24,77.18304091147563,9968934.737282867,0.07019043199621744,0.4640876095345019
COMP20,Energy,25,76.04192543474275,3594005.07946032,-0.014784536385935687,0.44244175299914135
COMP20,Energy,26,77.89696462859709,4030065.925002058,0.02439495295850036,0.47763005170893225
COMP20,Energy,27,74.20686413043914,6550890.941526186,-0.04737155697596018,0.4076324155250115
COMP20,Energy,28,73.12943125456701,4015297.9757208787,-0.014519315544425204,0.38719455631344246
COMP20,Energy,29,73.92733765327453,0.0,0.010910879313828836,0.4023300687021787
COMP20,Energy,30,77.10186628208689,2314191.203460783,0.042941200502866206,0.462547805353517
COMP21,Retail,1,131.6682175450718,4029459.7273577163,,0.0
COMP21,Retail,2,134.1873588333313,5138493.981673777,0.019132493286750707,0.019132493286750707
COMP21,Retail,3,132.53392494963106,1721778.379099865,-0.01232183044718771,0.006574915501251777
COMP21,Retail,4,135.630994317813,3066690.671997792,0.02336812532609267,0.030096684276786245
COMP21,Retail,5,135.92401379929035,0.0,0.0021604168202937757,0.03232212248002675
COMP21,Retail,6,134.66170439045732,0.0,-0.009286875611965062,0.022735075337074973
COMP21,Retail,7,134.90194879927515,0.0,0.0017840588748321284,0.02455969492483212
COMP21,Retail,8,134.06816368521967,0.0,-0.0061806750864369375,0.01822722434384283
COMP21,Retail,9,134.4369489463906,6056199.937738372,0.0027507295619921823,0.02102809207067069
COMP21,Retail,10,136.73320855864267,4538518.705150265,0.01708056922035439,0.03846783307321022
COMP21,Retail,11,136.50631827247489,3140243.258809336,-0.0016593648943041828,0.03674463600714439
COMP21,Retail,12,135.43588927913476,3380331.1404145956,-0.007841607677114948,0.0286148913102231
COMP21,Retail,13,132.1633992280847,5281122.735593488,-0.024162650450099132,0.003760829243727448
COMP21,Retail,14,133.89272858664248,0.0,0.01308478269065505,0.016894821567773333
COMP21,Retail,15,134.95736792250887,2790434.5778280837,0.0079514350562917,0.024980594700548808
COMP21,Retail,16,131.52726817625668,1217973.4100629226,-0.025416172522138347,-0.001070488926204316
COMP21,Retail,17,134.0017777685679,0.0,0.018813662190529046,0.017723033447288428
COMP21,Retail,18,130.549311080346,2644827.787913119,-0.025764334964156976,-0.008497923687185494
COMP21,Retail,19,133.57350124863117,0.0,0.023165117787744993,0.014470338697394558
COMP21,Retail,20,135.64523220001897,4300327.295796223,0.01551004452246496,0.030204818817311185
COMP21,Retail,21,136.93872077887892,1308367.4765598394,0.0095358204478031,0.04002866699401464
COMP21,Retail,22,135.84270543172684,3557976.9956892985,-0.008003692023104692,0.03170459784819446
COMP21,Retail,23,137.60988944657592,4795208.655260614,0.01300904608188369,0.04512609050449301
COMP21,Retail,24,140.94376454232676,0.0,0.02422700221007834,0.07044636260895598
COMP21,Retail,25,142.82937271770112,3548675.8497932265,0.013378443391925288,0.08476726867521234
COMP21,Retail,26,140.77504905104385,0.0,-0.014383061603985281,0.0691649942238699
COMP21,Retail,27,141.64220194469414,2906075.203435902,0.006159847924015693,0.07575088799397012
COMP21,Retail,28,145.2515319822948,2585268.5823639617,0.025482024340528042,0.10316319830617715
COMP21,Retail,29,152.49092755862634,3538536.62227982,0.04984040772261156,0.1581453018943373
COMP21,Retail,30,151.84320120940276,0.0,-0.00424763859459476,0.15322591921186235
COMP22,Banking,1,126.19068201324154,49633930.31957021,,0.0
COMP22,Banking,2,124.29242955909262,57944892.184829056,-0.015042730761608225,-0.015042730761608225
COMP22,Banking,3,124.04043600802203,63129624.23670183,-0.0020274247753021557,-0.017039657531876085
COMP22,Banking,4,124.88005284424949,40184557.403542385,0.006768896202309138,-0.01038610100272308
COMP22,Banking,5,120.5902306463148,32798782.897538498,-0.03435154054014511,-0.04438086297321908
COMP22,Banking,6,121.23166025993054,61136823.57105841,0.005319084391645523,-0.039297844137102134
COMP22,Banking,7,122.06297984017888,62698156.0822744,0.0068572811629068475,-0.03271003934053951
COMP22,Banking,8,124.55156074497265,39825655.57804312,0.02038767944262987,-0.01298924169454041
COMP22,Banking,9,126.89235419019444,56487999.435758226,0.018793770477230076,0.00556041195560919
COMP22,Banking,10,127.140681870557,42841778.192376755,0.001956994824056535,0.007528288477082423
COMP22,Banking,11,130.09972324136152,31958274.68296516,0.02327375728421166,0.03097725732007528
COMP22,Banking,12,134.17218436215657,71212858.6097233,0.031302611714552286,0.06324953809249956
COMP22,Banking,13,134.2670470014261,84377009.80809644,0.0007070216507281124,0.06400127853605753
COMP22,Banking,14,135.15077553465505,44257866.14939501,0.006581872119519883,0.07100439888638754
COMP22,Banking,15,131.65291802723794,60475204.348913595,-0.025881150097582628,0.04328557328363769
COMP22,Banking,16,128.85554256324525,55428429.87601885,-0.02124810832839985,0.021117728405050107
COMP22,Banking,17,127.28217944151653,16228753.664206311,-0.012210286732186715,0.008649588153905263
COMP22,Banking,18,126.47437677599639,72843200.56505723,-0.0063465496039161184,0.0022481435097170266
COMP22,Banking,19,124.44768006646163,56535978.19779562,-0.01602456371952965,-0.013812445728734746
COMP22,Banking,20,124.41626955643952,82580192.06698537,-0.00025239932158915845,-0.014061358798392432
COMP22,Banking,21,123.68213147188072,39529112.374262854,-0.005900659834731314,-0.019879047338040357
COMP22,Banking,22,125.72107302414157,49252863.17516123,0.016485336466928624,-0.003721423655121292
COMP22,Banking,23,124.86481127418494,31812704.607187744,-0.00681080529588074,-0.010506883059063554
COMP22,Banking,24,120.68916704744291,50577514.4629802,-0.03344132093046559,-0.04359683994117214
COMP22,Banking,25,120.9518025979021,48327977.22818158,0.0021761319336635054,-0.041515580483111436
COMP22,Banking,26,120.9608174273926,11510236.779023007,7.453241123211996e-05,-0.041444142328196376
COMP22,Banking,27,119.44110706924891,91646974.8819117,-0.012563658137114464,-0.05348711042931342
COMP22,Banking,28,119.64582499589166,26853600.260310315,0.0017139654149727068,-0.05186482007176341
COMP22,Banking,29,117.76539311557484,60727827.44568919,-0.015716652715474067,-0.06676633142201904
COMP22,Banking,30,118.38352321766531,56138754.14719103,0.005248826380461757,-0.06186794992325184
COMP23,Energy,1,94.34558363819042,6569200.636873417,,0.0
COMP23,Energy,2,98.76468145619863,5781226.355458723,0.04683947724522208,0.04683947724522208
COMP23,Energy,3,103.94375667884775,0.0,0.052438535175613366,0.10173420599596628
COMP23,Energy,4,103.6376222410552,6585865.880971836,-0.0029451931272640453,0.09848938598439516
COMP23,Energy,5,108.079086028361,2667982.2218495496,0.042855709068423176,0.14556592752489328
COMP23,Energy,6,104.83801075749044,4857108.685802438,-0.029987996660335137,0.11121270031608299
COMP23,Energy,7,102.39456372688247,5852991.637839377,-0.023306880900860638,0.0853137982542922
COMP23,Energy,8,99.08868061203614,4321909.393580521,-0.03228572879771352,0.05027365130343786
COMP23,Energy,9,96.61824804780896,4061453.190490439,-0.024931531522754957,0.02408872065844725
COMP23,Energy,10,98.7605769945062,0.0,0.022173129713935147,0.046795972700184985
COMP23,Energy,11,96.26241344015847,3604532.4333967716,-0.025295149444972242,0.020317112132338666
COMP23,Energy,12,102.97849982285364,2045343.9181877202,0.06976852275649859,0.09150312978898856
COMP23,Energy,13,104.435780836229,0.0,0.014151313292407819,0.10694933253827621
COMP23,Energy,14,107.91654063045402,5515521.765720222,0.03332918819923769,0.14384305516946494
COMP23,Energy,15,109.54181778430825,3596584.80375025,0.015060500868164128,0.16106990449488823
COMP23,Energy,16,113.63419387771837,6167176.939946543,0.03735903033367727,0.20444635027643243
COMP23,Energy,17,110.74103565181542,7601474.611776032,-0.025460278523348978,0.1737808107319634
COMP23,Energy,18,115.68285862566148,4627273.860246029,0.04462503844901544,0.2261608245415938
COMP23,Energy,19,116.20206741966828,0.0,0.004488208539926486,0.2316640900256246
COMP23,Energy,20,120.52517104975067,8601317.259927133,0.03720332801368609,0.2774860931695262
COMP23,Energy,21,115.45971692269721,6047542.219665787,-0.04202818451062418,0.223795671936041
COMP23,Energy,22,116.11594225015844,0.0,0.00568358683834802,0.23075122090988387
COMP23,Energy,23,116.65214137877821,1523639.0553269126,0.004617790789352538,0.23643457256178602
COMP23,Energy,24,114.53371818949189,2753878.8797108964,-0.018160174037505583,0.21398070553807513
COMP23,Energy,25,115.64357441727986,4351550.36200342,0.009690213897987299,0.22574443824276869
COMP23,Energy,26,121.14050036095257,3071410.7204872635,0.04753334520634933,0.28400817176052495
COMP23,Energy,27,118.66643159142785,6871763.112543432,-0.0204231348075411,0.25778469977467533
COMP23,Energy,28,122.17104754883788,0.0,0.02953333904466371,0.2949312817583114
COMP23,Energy,29,118.1375236146754,0.0,-0.03301538306406082,0.2521786294494255
COMP23,Energy,30,125.88675563918315,6387756.889961308,0.0655950098444853,0.3343152989752147
COMP24,Manufacturing,1,139.57267259261727,9985968.031965839,,0.0
COMP24,Manufacturing,2,144.14316553840163,6119984.129963828,0.03274633107531488,0.03274633107531488
COMP24,Manufacturing,3,141.4244491097609,6015071.775109919,-0.01886122327399864,0.013267471939500508
COMP24,Manufacturing,4,148.53506193808133,9753826.904479805,0.050278525906095606,0.06421306677721472
COMP24,Manufacturing,5,150.01222436774725,10879668.602423737,0.00994487369104613,0.07479653130667496
COMP24,Manufacturing,6,149.53628220622608,4695619.763812575,-0.0031726891826791004,0.07138653597821731
COMP24,Manufacturing,7,149.0750796016014,13735135.651489371,-0.003084218744910494,0.06808214554090863
COMP24,Manufacturing,8,149.56663588986254,8698548.48659434,0.0032973739780974842,0.07160401181408571
COMP24,Manufacturing,9,152.84650519302357,12592549.079630133,0.02192915073369872,0.09510337771599309
COMP24,Manufacturing,10,153.47332082944467,0.0,0.004100948436011054,0.09959434020010782
COMP24,Manufacturing,11,156.17809790853596,13023419.839039758,0.017623760693215917,0.11897332771140912
COMP24,Manufacturing,12,156.69871721435422,11488674.72588838,0.0033334975440868497,0.12270342255123379
COMP24,Manufacturing,13,156.39390945468176,7650008.740113027,-0.0019451835030371845,0.1205195583748837
COMP24,Manufacturing,14,158.4601105380589,0.0,0.013211518853781579,0.13532332364638444
COMP24,Manufacturing,15,160.43174924591148,19868814.84324997,0.012442492316569576,0.14944957537767678
COMP24,Manufacturing,16,159.93635125070705,0.0,-0.003087904966024402,0.1459001843256733
COMP24,Manufacturing,17,157.60498257556085,0.0,-0.014576852960035747,0.1291965658318801
COMP24,Manufacturing,18,158.73344844065235,6030566.854037945,0.007160090034275868,0.13728171490963148
COMP24,Manufacturing,19,159.03007637535646,10919488.83249575,0.0018687172591416168,0.13940697287878923
COMP24,Manufacturing,20,157.3221965338853,0.0,-0.01073935119945535,0.1271704812379355
COMP24,Manufacturing,21,154.7402492705246,15919544.39965536,-0.01641184346675817,0.10867153573950805
COMP24,Manufacturing,22,156.0626324748009,10705949.241450502,0.008545825733836221,0.1181460494800024
COMP24,Manufacturing,23,157.83644174615898,0.0,0.011366008910842273,0.1308549074420151
COMP24,Manufacturing,24,156.75101828758147,10329319.546868348,-0.006876887533508569,0.12307814542682016
COMP24,Manufacturing,25,154.98989713584083,8980400.620526163,-0.011235149672263134,0.11046019436930221
COMP24,Manufacturing,26,152.48326178634125,11774455.690728715,-0.016172895110077024,0.09250083812185173
COMP24,Manufacturing,27,153.69958185722714,9563565.929389725,0.00797674483505073,0.10121543853962889
COMP24,Manufacturing,28,151.29330781027807,8045609.672029344,-0.015655696768155702,0.08397514355744096
COMP24,Manufacturing,29,158.27643295010898,6536534.251483764,0.04615620638414342,0.1340073239987596
COMP24,Manufacturing,30,157.0300912846522,7123026.648148135,-0.007874461423133305,0.1250776270723808
COMP25,Agriculture,1,135.71295598562824,0.0,,0.0
COMP25,Agriculture,2,133.14660533770194,1010170.6810446539,-0.01891013742415326,-0.01891013742415326
COMP25,Agriculture,3,133.59758223695167,1336003.930698243,0.0033870702005951436,-0.01558711718651662
COMP25,Agriculture,4,128.59938476065273,1792631.6659260765,-0.03741233480882933,-0.052416301548459554
COMP25,Agriculture,5,124.31896126568532,0.0,-0.03328494535906268,-0.08395657317455762
COMP25,Agriculture,6,123.5090163681806,1333159.7314389558,-0.006515055219724397,-0.08992464668399092
COMP25,Agriculture,7,119.59455028512714,1100715.0827575757,-0.031693767776308945,-0.11876836359093079
COMP25,Agriculture,8,116.0403518703918,0.0,-0.029718732218664834,-0.14495745061598775
COMP25,Agriculture,9,112.38368563561671,0.0,-0.03151202298024147,-0.17190157108126103
COMP25,Agriculture,10,110.02867224565459,1361379.6144364402,-0.020955117966123815,-0.18925447134681495
COMP25,Agriculture,11,112.05722197017484,0.0,0.018436555518830833,-0.1743071163961566
COMP25,Agriculture,12,114.76537767202409,1024243.5342699732,0.024167614137088345,-0.15435208938947909
COMP25,Agriculture,13,120.40395395656151,939434.7079558865,0.04913133559017524,-0.11280427810214311
COMP25,Agriculture,14,126.20390833090173,1166584.5779024563,0.048170796587234,-0.07006735344953718
COMP25,Agriculture,15,128.70773794868526,1066263.5774274128,0.01983955687979644,-0.051617901813919675
COMP25,Agriculture,16,132.05568353357694,846766.6345789745,0.026011999264772045,-0.0269485873731804
COMP25,Agriculture,17,132.4875569033828,371602.6577301312,0.003270388356257703,-0.023766331363285542
COMP25,Agriculture,18,134.21900777205056,0.0,0.01306878101715192,-0.01100814732630151
COMP25,Agriculture,19,140.90000133200436,993739.1753511324,0.04977680636188575,0.038220708617719756
COMP25,Agriculture,20,142.21190728709087,0.0,0.009310900941691624,0.0478874787912722
COMP25,Agriculture,21,146.36986124531262,1182247.4478098154,0.02923773429061649,0.07852533446263554
COMP25,Agriculture,22,142.98867399753635,940857.2000625078,-0.023100296871290116,0.05361107905334128
COMP25,Agriculture,23,140.62502576863747,476970.2464435995,-0.016530317841394915,0.036194553035374444
COMP25,Agriculture,24,141.72466495354166,1076664.3566939132,0.007819654993083347,0.044297236945823215
COMP25,Agriculture,25,142.2551089851778,976956.8145137981,0.0037427785192507557,0.048205810211976896
COMP25,Agriculture,26,140.06563486528526,1449295.729929528,-0.01539118092497238,0.03207268494039717
COMP25,Agriculture,27,148.75238424155347,49733.59556295362,0.06201913399116843,0.09608093907634063
COMP25,Agriculture,28,149.39374814584838,1239299.7498519802,0.0043116210040266,0.10080682467537527
COMP25,Agriculture,29,147.7475093724963,0.0,-0.011019462285295267,0.08867652538746928
COMP25,Agriculture,30,148.30675086535066,0.0,0.003785116210957007,0.09279729255220182
COMP26,Retail,1,145.3020021178899,2270968.3891842286,,0.0
COMP26,Retail,2,145.18301450047323,0.0,-0.0008188986778044915,-0.0008188986778044915
COMP26,Retail,3,140.47645221303353,3912923.5703512244,-0.03241813309658459,-0.03321048460805942
COMP26,Retail,4,140.88769824190277,2991359.945051596,0.00292750864924729,-0.030380199939747943
COMP26,Retail,5,143.49958482421712,3738036.232526783,0.018538783832139583,-0.012404628067068546
COMP26,Retail,6,143.28247054274385,2122711.3979387265,-0.0015129958859408932,-0.013898855801777299
COMP26,Retail,7,141.73392898962985,0.0,-0.01080761343134462,-0.02455625577247833
COMP26,Retail,8,139.99583243449655,0.0,-0.01226309442998974,-0.036518214519083214
COMP26,Retail,9,141.69031070455947,3290323.643368286,0.01210377652388872,-0.02485644630278494
COMP26,Retail,10,144.1145255913616,4493625.6556381155,0.01710924956510884,-0.008172471880772192
COMP26,Retail,11,148.5338565693773,700599.3844009456,0.030665409748818595,0.022242325669161733
COMP26,Retail,12,145.35527600533908,3584597.32826423,-0.02139970399646607,0.0003666424871826557
COMP26,Retail,13,147.08496768508803,0.0,0.011899751610567,0.012270757052277093
COMP26,Retail,14,146.72952768291617,3789029.2961821323,-0.0024165623976806216,0.009824541604512849
COMP26,Retail,15,146.4698773209239,0.0,-0.0017695849369417926,0.008037571306735325
COMP26,Retail,16,147.8085655586942,2562541.0241579716,0.009139682931782245,0.01725071509180265
COMP26,Retail,17,149.17862271692456,1246132.5872990212,0.009269132360846255,0.026679746614154176
COMP26,Retail,18,150.96307892009543,810670.9359882451,0.011961876109802816,0.038960762547596506
COMP26,Retail,19,147.5296142533176,2086024.9126343573,-0.022743737683007637,0.015330911501276301
COMP26,Retail,20,145.1533949237042,0.0,-0.016106727734902515,-0.0010227470511051662
COMP26,Retail,21,150.01543387899895,4704308.318930352,0.033495867994340234,0.03243886314301969
COMP26,Retail,22,149.32775483675712,2358341.2706272257,-0.004584055283248345,0.027706106317797907
COMP26,Retail,23,150.3752600748122,1297549.7549430318,0.007014806049954858,0.03491526532997158
COMP26,Retail,24,153.94487174860024,3256375.057814966,0.02373802493849153,0.05948210970759993
COMP26,Retail,25,155.56261358100394,2483880.9554856652,0.010508578908984711,0.07061576106011991
COMP26,Retail,26,157.48493582564984,3103626.3786004446,0.012357225173803776,0.08384560109416306
COMP26,Retail,27,160.65649545522677,3812591.654478945,0.020138812724844524,0.10567296467724496
COMP26,Retail,28,153.38635190513176,2561564.4110727226,-0.04525272090303456,0.05563825459667471
COMP26,Retail,29,151.78104834113816,0.0,-0.010465752291875852,0.04459020611423781
COMP26,Retail,30,153.39347289521368,2216450.4104906265,0.010623358921935333,0.0556872628001277
COMP27,Energy,1,132.47878562777868,2656660.283865419,,0.0
COMP27,Energy,2,137.4244025307717,5284030.824510464,0.03733138765997257,0.03733138765997257
COMP27,Energy,3,125.91111364684257,5266514.467722556,-0.08377907177985433,-0.04957527312628818
COMP27,Energy,4,130.74652781663346,1501559.9139795797,0.03840339450378738,-0.013075737394002696
COMP27,Energy,5,130.12488750300247,518652.4271605043,-0.004754545485925354,-0.01776811369172626
COMP27,Energy,6,132.78478296483436,4412406.699718412,0.02044109710965558,0.002309783680501276
COMP27,Energy,7,139.63843949974788,5344031.398031707,0.05161477378570245,0.054043776428366774
COMP27,Energy,8,150.2557385461854,2881374.7577645155,0.07603421439306968,0.1341871669050021
COMP27,Energy,9,147.39176674682676,2588475.743088923,-0.019060648379018885,0.11256882412063018
COMP27,Energy,10,148.02229715595905,0.0,0.004277921508433646,0.11732830622294865
COMP27,Energy,11,154.2566868683102,0.0,0.04211790947807326,0.16438783868173568
COMP27,Energy,12,150.43628546202842,4637987.722680773,-0.02476652055637152,0.13555000333943545
COMP27,Energy,13,147.86893311279619,0.0,-0.01706604454734606,0.11617065639670576
COMP27,Energy,14,145.3195538127359,0.0,-0.017240804044454605,0.09692697682959994
COMP27,Energy,15,145.23344706752124,4590152.416451782,-0.0005925337847212386,0.09627701053645632
COMP27,Energy,16,144.31360111508337,0.0,-0.006333568272398171,0.08933366524476316
COMP27,Energy,17,141.801027117002,0.0,-0.017410514176537717,0.07036780602303949
COMP27,Energy,18,137.78605209997443,4864244.455854046,-0.028314146227691017,0.04006125544589034
COMP27,Energy,19,141.2187836473816,6474746.270521648,0.024913490843880615,0.06597281201051652
COMP27,Energy,20,147.03862031506594,7282265.463062502,0.04121149125753898,0.10990314123346212
COMP27,Energy,21,153.76519319453763,4634196.685769564,0.04574698038555014,0.1606778584653299
COMP27,Energy,22,151.59985437313108,1069798.8512928216,-0.014082112969916682,0.14433306174074012
COMP27,Energy,23,155.5716275316196,4201696.414299277,0.026199056555244793,0.17431350834332227
COMP27,Energy,24,156.71768937209495,5599701.903541493,0.007366779268555224,0.1829644167513702
COMP27,Energy,25,154.09601611552296,5107840.85061156,-0.0167286364868956,0.16317503504660413
COMP27,Energy,26,157.56726334593384,10846711.234638177,0.022526521566972546,0.1893773225597455
COMP27,Energy,27,154.71802774017414,334324.39895150345,-0.018082662256463156,0.16787021414040115
COMP27,Energy,28,153.02005423829857,7699479.05910125,-0.010974632540734386,0.15505326768494143
COMP27,Energy,29,146.8654843184989,5841090.218456239,-0.04022067532543905,0.1085962452217979
COMP27,Energy,30,144.87053221052344,4394088.924031366,-0.013583532694782852,0.09353759187951405
COMP28,Banking,1,117.71524124576736,76713117.94289124,,0.0
COMP28,Banking,2,115.14805630538339,49454201.20720598,-0.02180843290312906,-0.02180843290312906
COMP28,Banking,3,116.94807480313422,44654877.71153947,0.015632209135836517,-0.006517137751359092
COMP28,Banking,4,116.99307247729371,57763405.1533598,0.0003847662668687857,-0.006134879059253584
COMP28,Banking,5,119.42575020553217,50774540.40739223,0.020793348501131126,0.014530904763586205
COMP28,Banking,6,119.09304967844547,23064751.82472472,-0.0027858357725543126,0.01170458827673393
COMP28,Banking,7,118.28967442956005,57489612.92816891,-0.00674577778513985,0.004879853940012779
COMP28,Banking,8,118.37171435222324,57811878.12398473,0.0006935510056884642,0.005576789373308966
COMP28,Banking,9,118.58680279453525,99078066.91887142,0.0018170594511455196,0.0074039821822922125
COMP28,Banking,10,117.44744223994734,87434956.37387848,-0.00960781914798714,-0.002274973087477261
COMP28,Banking,11,116.6098634420228,59785118.33998889,-0.007131520124664337,-0.009390269195785228
COMP28,Banking,12,114.51642121638659,47667401.35199211,-0.017952531319763043,-0.027174221413709954
COMP28,Banking,13,113.804953982172,35538245.407282755,-0.006212796616043681,-0.03321819011891092
COMP28,Banking,14,114.99839870951375,52292430.18399979,0.010486755502126188,-0.023079785654784857
COMP28,Banking,15,114.79470870376633,32482008.445677824,-0.0017712421045265048,-0.024810147871196175
COMP28,Banking,16,116.57896689778985,70153069.85200793,0.015543035163997798,-0.00965273770798436
COMP28,Banking,17,116.28858795882692,9877395.937952109,-0.002490834725079716,-0.012119529058788991
COMP28,Banking,18,113.85089558666532,65559095.4558551,-0.020962438489877444,-0.032827912666245296
COMP28,Banking,19,114.90851409650256,100475995.81234063,0.00928950540430451,-0.02384336233406592
COMP28,Banking,20,113.78599360219224,0.0,-0.009768819161368736,-0.03337926000059421
COMP28,Banking,21,113.42098484524259,47322221.46868569,-0.0032078531407455646,-0.03648003737731109
COMP28,Banking,22,115.57937304281076,29860410.531067178,0.019029884112831352,-0.018144364148201753
COMP28,Banking,23,113.616864404698,61954634.16227248,-0.016979748085204083,-0.034816025501003156
COMP28,Banking,24,113.93072706227528,75999480.93451506,0.0027624654070659282,-0.03214973815999522
COMP28,Banking,25,113.89424371279037,22350801.501078162,-0.0003202239678938845,-0.03245966701116876
COMP28,Banking,26,115.13112737493488,80815716.23989499,0.010859931299632475,-0.021952245465286513
COMP28,Banking,27,116.65099372730263,65158107.92222024,0.013201176667176906,-0.00904086426873807
COMP28,Banking,28,117.14723967635052,79182143.14603956,0.004254108200809403,-0.004825216882756722
COMP28,Banking,29,116.54919781172039,49499825.87381917,-0.00510504444050397,-0.009905628376639108
COMP28,Banking,30,117.41346218946025,92113541.32681262,0.007415446815310034,-0.0025636362217282826
COMP29,Banking,1,82.70446441518177,71485352.25819732,,0.0
COMP29,Banking,2,83.16413710717792,41592097.552767456,0.005558015462001631,0.005558015462001631
COMP29,Banking,3,83.5605527713389,77252340.53226736,0.0047666659926994814,0.010351174657990736
COMP29,Banking,4,83.65233682775549,49956670.93544228,0.0010984137056602172,0.011460958235764984
COMP29,Banking,5,85.3838395252464,75441179.64679766,0.02069879650889095,0.032396982786975004
COMP29,Banking,6,85.7470879479224,42071283.4113717,0.004254299463408273,0.03678910871686991
COMP29,Banking,7,83.83272091084702,77932569.59014624,-0.02232573820160577,0.013642026505380933
COMP29,Banking,8,85.4048976889071,24169777.978083897,0.01875373673880909,0.03265160221785579
COMP29,Banking,9,86.76766043587953,58541946.335833356,0.0159564941104009,0.049129101426740984
COMP29,Banking,10,87.56037381438284,40536598.58727923,0.009136046477697946,0.05871399365848107
COMP29,Banking,11,86.11545857638619,49388596.7316501,-0.01650193089695684,0.0412431684954877
COMP29,Banking,12,84.89198698262096,64745826.330941044,-0.014207339936301744,0.02644987284432032
COMP29,Banking,13,82.55837044854579,46827666.45897357,-0.02748924388532581,-0.0017664580463588875
COMP29,Banking,14,83.15430779820646,67121184.4699408,0.007218375876642202,0.0054391668721343045
COMP29,Banking,15,81.51135038923789,69155794.70273733,-0.019757935006272875,-0.014426234839686525
COMP29,Banking,16,79.45958405580518,47917516.91550955,-0.025171541431162514,-0.03923464570288615
COMP29,Banking,17,81.01714934131564,65595109.92577642,0.01960198135968816,-0.02040174113691995
COMP29,Banking,18,81.97965002130418,44570370.6478613,0.011880209163292577,-0.008763908925629282
COMP29,Banking,19,81.59442764878867,53110448.51909992,-0.004698999964203421,-0.01342172728210489
COMP29,Banking,20,81.45394530741046,62314014.58725107,-0.0017217148943416971,-0.015120333788677165
COMP29,Banking,21,78.5876929685193,38696527.36788043,-0.035188625033125254,-0.049776895065737015
COMP29,Banking,22,79.69874052333299,21797179.900393534,0.014137678723546987,-0.03634294609248512
COMP29,Banking,23,78.89756069695015,34389198.03541349,-0.010052603355109158,-0.04603020822577042
COMP29,Banking,24,79.31221673256776,40506044.60725883,0.005255625547288201,-0.041016500216780605
COMP29,Banking,25,76.42816193798382,70662370.30799681,-0.03636331089204914,-0.07588831535974316
COMP29,Banking,26,77.57942579190626,43515279.78303599,0.015063346085133045,-0.0619681012326917
COMP29,Banking,27,76.73033168590993,66058479.3816132,-0.010944836176976613,-0.0722347066934782
COMP29,Banking,28,75.18441446270914,3567391.8660016954,-0.0201474070192853,-0.09092677167609131
COMP29,Banking,29,74.82390582214248,28686005.652891163,-0.004794991663404802,-0.09528577022732898
COMP29,Banking,30,74.17884503696658,0.0,-0.008621052029938348,-0.10308535867442481
COMP30,Telecom,1,124.06261488943706,171292286.64696646,,0.0
COMP30,Telecom,2,123.18949136973501,204530276.1449736,-0.007037764926042911,-0.007037764926042911
COMP30,Telecom,3,123.46208203210651,260613029.83519807,0.0022127752890330754,-0.004840562629328193
COMP30,Telecom,4,126.03319880833325,199398770.85833776,0.02082515322848777,0.015883785140691664
COMP30,Telecom,5,124.56278415154412,118613307.45961812,-0.011666883572678977,0.0040315872960827726
COMP30,Telecom,6,126.79686135043005,202592115.30957392,0.017935350547142015,0.022039245774641447
COMP30,Telecom,7,122.23194529906007,242985252.6035363,-0.036001806375584144,-0.014756013259985212
COMP30,Telecom,8,123.50432683669467,306748026.07594395,0.01040956629235934,-0.004500050665866673
COMP30,Telecom,9,127.10513130485755,274991291.9423829,0.029155290024163172,0.02452403907600975
COMP30,Telecom,10,125.83921822981685,182131956.72930115,-0.009959574897133394,0.01432021517491866
COMP30,Telecom,11,128.45554812273156,227984987.4039091,0.020791053295774464,0.03540900082760179
COMP30,Telecom,12,132.82487393379816,246162066.13347623,0.03401430202837141,0.07062771530464618
COMP30,Telecom,13,132.27490494012577,285129134.6667771,-0.004140557241910203,0.06619471996465176
COMP30,Telecom,14,131.5313019575409,192049573.58988616,-0.005621648210002106,0.06020094832564871
COMP30,Telecom,15,129.4783354816269,221302698.43589044,-0.015608197025045012,0.04365312303804236
COMP30,Telecom,16,128.35199245101785,55300238.748619825,-0.008699084881029329,0.034574295934383104
COMP30,Telecom,17,126.53740456838672,166799873.41319045,-0.014137590293533009,0.01994790841024252
COMP30,Telecom,18,124.56055123534868,0.0,-0.015622679632010694,0.004013588995809947
COMP30,Telecom,19,127.33341844024952,128236285.5483796,0.02226119889002165,0.026364135188730042
COMP30,Telecom,20,125.59071421125427,146156252.38983902,-0.013686149718920793,0.012317161968406376
COMP30,Telecom,21,126.23177664448407,245750245.29426846,0.0051043776385528705,0.017484411053081184
COMP30,Telecom,22,126.37401918470718,140097312.9084787,0.001126836237310691,0.01863094935835452
COMP30,Telecom,23,129.88502269340887,197072330.9949959,0.027782637059046378,0.04693120332148948
COMP30,Telecom,24,128.77037843297654,228478169.91677964,-0.008581776692324405,0.03794667352235792
COMP30,Telecom,25,129.71366845786147,194639428.64451918,0.0073253650130096215,0.04555001176994833
COMP30,Telecom,26,131.63154918279716,154290062.28400704,0.014785494448942504,0.06100898566506463
COMP30,Telecom,27,135.26830067068403,323687213.4587766,0.027628266251250366,0.09032282441598816
COMP30,Telecom,28,134.07222647853433,264891460.7287929,-0.008842235662157027,0.0806819330546733
COMP30,Telecom,29,132.64741511322126,189563210.4768508,-0.010627192541933339,0.06919731807551255
COMP30,Telecom,30,130.19333459839913,168375561.8048203,-0.01850077902179581,0.0494163347631007
COMP31,Telecom,1,87.9226537180449,59153712.46067175,,0.0
COMP31,Telecom,2,88.46250050812941,275405483.8828951,0.006140019292590004,0.006140019292590004
COMP31,Telecom,3,88.98947152781449,268836483.87377626,0.00595699891658219,0.012133594297445871
COMP31,Telecom,4,91.37643013987802,186738304.1918836,0.026822932770394825,0.03928198565194441
COMP31,Telecom,5,89.15937702166735,113460201.01609276,-0.02426285547396445,0.014066037037376411
COMP31,Telecom,6,89.36547485740792,324092403.5676563,0.0023115665746573644,0.016410118193087353
COMP31,Telecom,7,88.47760546945621,26689532.52673775,-0.009935261792861305,0.006311817579925938
COMP31,Telecom,8,90.83324187870153,134959030.2623702,0.026624097665691515,0.03310396169331353
COMP31,Telecom,9,87.33008237530468,258719138.1934853,-0.03856693244610776,-0.006739689007118743
COMP31,Telecom,10,84.0283566587466,58806369.26841256,-0.037807427025761564,-0.04429230573256737
COMP31,Telecom,11,84.52740273227883,176492237.0922315,0.005939019794935829,-0.03861633881814064
COMP31,Telecom,12,86.29633357576301,187479437.5331702,0.020927306249866273,-0.01849716851697014
COMP31,Telecom,13,87.54418963948099,304665266.47131485,0.014460128397256078,-0.00430451155145517
COMP31,Telecom,14,86.32886682308333,259144467.26658374,-0.013882392668234433,-0.018127147300087354
COMP31,Telecom,15,88.74061063077268,265307132.4750675,0.027936701782867335,0.009303141774483326
COMP31,Telecom,16,86.83321324718449,64003222.34535831,-0.021494075486187425,-0.012390896143263497
COMP31,Telecom,17,88.93999287623488,179248659.5250195,0.024262370932342625,0.01157084227066707
COMP31,Telecom,18,87.23571270831935,235643107.7223204,-0.019162135197010044,-0.007813014970276755
COMP31,Telecom,19,86.72298527346571,288895948.53226244,-0.005877494651393422,-0.013644588667971136
COMP31,Telecom,20,87.76508997240992,91374203.03699565,0.012016476320068081,-0.0017920722245288179
COMP31,Telecom,21,85.51656262571301,174194817.27184182,-0.025619837539091805,-0.027365997164369826
COMP31,Telecom,22,87.84645783867622,351739054.559726,0.0272449586539234,-0.0008666239717131097
COMP31,Telecom,23,87.32052153001888,142150749.5488842,-0.005986995054748645,-0.00684843055302875
COMP31,Telecom,24,87.57490416254306,247358774.80996424,0.002913205602382174,-0.0039551758369011925
COMP31,Telecom,25,89.46541168261254,271600693.4448097,0.021587320456104786,0.017546762970952257
COMP31,Telecom,26,88.23589321009685,248197287.65607202,-0.01374294768661588,0.0035626710387570704
COMP31,Telecom,27,89.97631590416198,0.0,0.01972465660795253,0.02335760010955612
COMP31,Telecom,28,92.71349910230431,283348171.4998423,0.03042115217362129,0.054489317390520764
COMP31,Telecom,29,91.66601147268362,113882953.55737576,-0.011298113432919199,0.04257557746884122
COMP31,Telecom,30,93.99472272860042,107219644.23182936,0.025404304370881814,0.0690614847685076
COMP32,Manufacturing,1,139.17108652027457,8580250.194270872,,0.0
COMP32,Manufacturing,2,138.39136451654795,7922428.054342496,-0.005602614905309555,-0.005602614905309555
COMP32,Manufacturing,3,141.5103973499729,10613763.903817087,0.02253777065007534,0.01680888529498925
COMP32,Manufacturing,4,138.66188700608612,10380626.090729857,-0.020129336057491565,-0.003658802463357036
COMP32,Manufacturing,5,141.82667484957042,7005815.461517048,0.02282377596192231,0.019081465810852682
COMP32,Manufacturing,6,141.96893212483297,4655966.533458168,0.0010030361031410084,0.020103641313102827
COMP32,Manufacturing,7,138.8963972843452,0.0,-0.02164230437252357,-0.001973752183714983
COMP32,Manufacturing,8,134.1556794870039,8443350.73165613,-0.034131322986270196,-0.036037708396707946
COMP32,Manufacturing,9,130.15805282459291,9283400.969346287,-0.029798415376057652,-0.06476225716875927
COMP32,Manufacturing,10,128.47475614127947,4927943.170466494,-0.012932712550501435,-0.07685741806317548
COMP32,Manufacturing,11,128.0792753984988,10972978.279422509,-0.00307827587814824,-0.07969910560524307
COMP32,Manufacturing,12,131.61364129733045,12870762.965757854,0.027595142835052933,-0.05430327097319276
COMP32,Manufacturing,13,133.77408375677436,14736690.110640582,0.016415034476276125,-0.0387796265621162
COMP32,Manufacturing,14,131.58770796347525,11199098.254886258,-0.016343791950571895,-0.054489612364235995
COMP32,Manufacturing,15,132.70742800083553,0.0,0.00850930572991726,-0.046443975405030646
COMP32,Manufacturing,16,137.20523095335486,10776811.448624983,0.033892623949361766,-0.014125459648784977
COMP32,Manufacturing,17,142.4877725652935,6655288.474050812,0.038501021974406635,0.02383171769328518
COMP32,Manufacturing,18,141.6370881938181,0.0,-0.005970227172198861,0.01771920975255359
COMP32,Manufacturing,19,144.42117223413416,10826585.752393356,0.01965646198901161,0.037723968714541645
COMP32,Manufacturing,20,148.53683062504902,12953963.330425361,0.028497611030622316,0.06729662273212234
COMP32,Manufacturing,21,144.16976181422535,10166890.84486279,-0.02940057891666914,0.03591748414799212
COMP32,Manufacturing,22,142.7426509089449,20250110.637330063,-0.00989882266101949,0.02566312068096166
COMP32,Manufacturing,23,149.26805845849924,14851283.940127466,0.045714490434375366,0.07255078760022315
COMP32,Manufacturing,24,148.41657523403984,7986257.763355201,-0.005704390029941608,0.06643253958083051
COMP32,Manufacturing,25,140.01422017837368,7587168.415529514,-0.0566133199234411,0.0060582530407731205
COMP32,Manufacturing,26,139.7178111646661,7453897.107297591,-0.0021169922121478946,0.003928435554118703
COMP32,Manufacturing,27,142.9388996716358,12328668.177920232,0.02305424398019973,0.027073246646043492
COMP32,Manufacturing,28,143.00040646442247,10628649.399475273,0.0004303012890680691,0.02751519758804255
COMP32,Manufacturing,29,145.10458402957093,6719513.119615162,0.014714486603029098,0.042634556197360673
COMP32,Manufacturing,30,147.89745937148294,2256937.8111550463,0.019247326751185456,0.06270248418256852
COMP33,Energy,1,116.93086091618792,0.0,,0.0
COMP33,Energy,2,115.82586003571153,2233092.963862688,-0.009450036301951292,-0.009450036301951292
COMP33,Energy,3,118.15869337903568,5347922.299371416,0.020140867873589707,0.010500499639080285
COMP33,Energy,4,123.38537484546839,2921852.8672164376,0.04423442166600711,0.05519940483382624
COMP33,Energy,5,124.37192925288038,5033098.797818227,0.007995715931872649,0.06363647952635865
COMP33,Energy,6,120.02681499613287,4295888.784576127,-0.03493645457499306,0.02647679197508057
COMP33,Energy,7,118.9763558018698,8685302.745766684,-0.008751870940647,0.017493199568145323
COMP33,Energy,8,116.6082726626046,6173904.58236675,-0.01990381301650168,-0.0027587948216211133
COMP33,Energy,9,116.50379990153998,0.0,-0.000895929239659643,-0.00365225237633382
COMP33,Energy,10,120.9205143804159,5746962.375464321,0.03791047573219575,0.034119764730781155
COMP33,Energy,11,112.08547679766508,3582429.8395069214,-0.07306483625231519,-0.041438026544556084
COMP33,Energy,12,110.73833444026542,5085864.490428826,-0.012018884122083962,-0.05295887182735315
COMP33,Energy,13,109.16915738834106,7689352.240204265,-0.014170134126143985,-0.06637857163653427
COMP33,Energy,14,105.15608199115377,4472509.224302789,-0.03676015729343607,-0.10069864219569769
COMP33,Energy,15,107.04619431681758,7005301.825975656,0.017974350982597587,-0.08453428395139662
COMP33,Energy,16,102.62290851916646,3243459.852653268,-0.04132128027419457,-0.12236249938565713
COMP33,Energy,17,98.72264565162104,0.0,-0.03800577204276945,-0.15571779017019183
COMP33,Energy,18,101.30101548839993,6923913.239110757,0.02611730894933273,-0.13366741085564138
COMP33,Energy,19,105.99199547118546,0.0,0.04630733423716471,-0.09354985808958527
COMP33,Energy,20,105.7767428873796,0.0,-0.002030838110453126,-0.09539071158300261
COMP33,Energy,21,102.00877002341797,4491246.448388901,-0.0356219407131243,-0.12761465002353445
COMP33,Energy,22,99.89725096984802,8121899.598198134,-0.02069938744565991,-0.14567249238461488
COMP33,Energy,23,102.99003395953555,9070065.402731821,0.030959640627358453,-0.11922281977077576
COMP33,Energy,24,103.37626322436861,4390391.820964522,0.0037501615446093872,-0.11591976306011065
COMP33,Energy,25,103.0891563848949,6477830.942087366,-0.00277729945462013,-0.11837511862000427
COMP33,Energy,26,104.0878965244596,9958778.837419823,0.009688120211555296,-0.1098338307876967
COMP33,Energy,27,103.99636044199647,9534360.390196446,-0.0008794113967094397,-0.11061665306186719
COMP33,Energy,28,108.95961093804499,7698650.125891688,0.04772523264231676,-0.0681706259210425
COMP33,Energy,29,106.56477047572702,0.0,-0.021979157613546296,-0.08865145060285606
COMP33,Energy,30,103.86419206599875,8322882.027456792,-0.025342131341083207,-0.11174696523918415
COMP34,Energy,1,73.20557397011561,6514786.937954779,,0.0
COMP34,Energy,2,74.0759831118047,8063799.833089089,0.011889929884907557,0.011889929884907557
COMP34,Energy,3,70.48379499720116,4615401.931941836,-0.04849328977762968,-0.0371799417080666
COMP34,Energy,4,69.16840192987473,0.0,-0.018662347386071643,-0.055148424106188365
COMP34,Energy,5,67.28626435348606,6762143.147245226,-0.027210944938367176,-0.0808587283127643
COMP34,Energy,6,67.5905977881319,0.0,0.004522965237705012,-0.076701484292383
COMP34,Energy,7,68.78322725030165,0.0,0.017644901823596015,-0.06040997262885017
COMP34,Energy,8,70.34941791398889,8112001.143678408,0.022769950266914307,-0.039015554434320476
COMP34,Energy,9,72.50742777819366,5557238.384131837,0.030675589481681476,-0.009536790083866431
COMP34,Energy,10,75.57325978908126,2145332.8209690694,0.04228300609788893,0.03234297186075219
COMP34,Energy,11,76.98186523859475,4602719.480687944,0.018638939929874532,0.051584750500292875
COMP34,Energy,12,81.48671124145697,6265935.301201617,0.058518275556198374,0.11312167670076523
COMP34,Energy,13,81.79981895467597,3332031.2916010655,0.003842438950459215,0.11739877878792071
COMP34,Energy,14,81.39594008921033,4721415.976446742,-0.00493740537114673,0.11188172805582042
COMP34,Energy,15,82.91322812086003,3006814.527354097,0.018640831839852767,0.1326081283743139
COMP34,Energy,16,82.39726802766648,2535357.7059251186,-0.0062228923524897395,0.1255600299138857
COMP34,Energy,17,87.12808028427246,0.0,0.057414673688179985,0.19018369174784966
COMP34,Energy,18,90.15755288231773,8398988.90534269,0.03477033567319543,0.23156677822268534
COMP34,Energy,19,92.23291585118702,0.0,0.02301929125758595,0.25991657259376
COMP34,Energy,20,92.62042151584502,7156006.745414954,0.004201381481674371,0.26520996275031017
COMP34,Energy,21,91.51796912896823,5321957.894357999,-0.011902908330947204,0.250150284544292
COMP34,Energy,22,93.48725221573652,10067032.330693051,0.02151799373949337,0.27705101054054193
COMP34,Energy,23,90.4016178225781,3879626.949563582,-0.03300593738746138,0.2349007448460465
COMP34,Energy,24,94.68381424764696,955076.8305582106,0.047368581760041994,0.29339624174382317
COMP34,Energy,25,94.20412480354972,3372912.4912041584,-0.0050662243373784666,0.28684360622602667
COMP34,Energy,26,95.09412307701056,1128830.6409658776,0.009447550999670318,0.2990011268244468
COMP34,Energy,27,92.55741346296458,4142999.9903558292,-0.026675776924633632,0.26434926254043023
COMP34,Energy,28,94.61052482543165,3359063.8141738237,0.022182030435504707,0.29239509636321004
COMP34,Energy,29,93.3547243370646,0.0,-0.013273369856938944,0.275240658247887
COMP34,Energy,30,95.21460475053408,5657520.6006856905,0.019922724068620612,0.30064692600324583
COMP35,Agriculture,1,143.89964220859775,833539.2576554207,,0.0
COMP35,Agriculture,2,143.99789773321754,1164339.681773073,0.0006828058993875175,0.0006828058993875175
COMP35,Agriculture,3,139.08377464564873,0.0,-0.03412635298796596,-0.03346684876372319
COMP35,Agriculture,4,138.32857791475263,1310306.8869612706,-0.00542979749305883,-0.03871492804526422
COMP35,Agriculture,5,136.61785710479288,1548824.5695798742,-0.012367081594766405,-0.05060321896595932
COMP35,Agriculture,6,134.44464532046084,0.0,-0.015907230799741434,-0.06570549268239934
COMP35,Agriculture,7,131.0677203201464,0.0,-0.02511758644061446,-0.08917271573094043
COMP35,Agriculture,8,134.18683032132884,0.0,0.023797697812731444,-0.06749712326031454
COMP35,Agriculture,9,132.04079287653198,0.0,-0.01599290660385877,-0.08241055467584191
COMP35,Agriculture,10,125.61539015922554,0.0,-0.0486622548784198,-0.127062526137954
COMP35,Agriculture,11,126.44655454692511,1758564.9623091128,0.006616740087707518,-0.12128652576058885
COMP35,Agriculture,12,128.7583268490929,1087913.7293697845,0.018282604144107983,-0.10522135515497588
COMP35,Agriculture,13,126.21973420899425,1325667.793332941,-0.019715949268849342,-0.1228627655235901
COMP35,Agriculture,14,124.46446371255307,0.0,-0.013906466428893038,-0.13506064502836834
COMP35,Agriculture,15,122.45962699635794,0.0,-0.016107703808737273,-0.14899283197077162
COMP35,Agriculture,16,121.40141886614691,0.0,-0.008641281671080914,-0.1563466246138211
COMP35,Agriculture,17,124.80609846437706,0.0,0.028044808948930244,-0.13268652688199556
COMP35,Agriculture,18,124.44916774576933,713793.2722966715,-0.0028598820330050234,-0.1351669411007489
COMP35,Agriculture,19,127.08735440520914,0.0,0.021198909620908202,-0.11683342324797008
COMP35,Agriculture,20,124.04462615227777,1278692.3636927377,-0.02394202214037633,-0.13797821698220758
COMP35,Agriculture,21,122.8589106003301,1395629.6842781906,-0.009558782099049368,-0.14621809537070862
COMP35,Agriculture,22,125.8227881958476,1173932.488306738,0.024124237965606143,-0.12562125753270315
COMP35,Agriculture,23,123.31250682519357,870899.5895526259,-0.019950927861705714,-0.14306592474747715
COMP35,Agriculture,24,126.47096430737925,373068.33859018877,0.025613439897569146,-0.12111689531481762
COMP35,Agriculture,25,124.49812410722797,1151338.8782429055,-0.015599155197049241,-0.13482672926486627
COMP35,Agriculture,26,123.49943553650402,770181.2095464482,-0.008021715812069452,-0.14176690337090214
COMP35,Agriculture,27,128.76359808830458,0.0,0.04262499281014587,-0.10518472379765764
COMP35,Agriculture,28,127.36668067353465,0.0,-0.010848698199719009,-0.11489230467367506
COMP35,Agriculture,29,127.82872997005413,832054.6155654723,0.0036277093355663315,-0.11168139122435816
COMP35,Agriculture,30,129.81232212493435,0.0,0.015517576958989698,-0.09789683884857947
COMP36,Agriculture,1,148.94317657796316,1436299.7407961704,,0.0
COMP36,Agriculture,2,144.98639874298973,711834.057278465,-0.026565687169309737,-0.026565687169309737
COMP36,Agriculture,3,145.78888604837334,695086.9968010739,0.005534914394322854,-0.021177811579295325
COMP36,Agriculture,4,148.15510713763607,1030495.2910726297,0.016230462783545896,-0.00529107447842414
COMP36,Agriculture,5,149.2904963132561,928080.221939387,0.007663516955681349,0.002331894238277954
COMP36,Agriculture,6,148.34613442546555,0.0,-0.006325666476511782,-0.0040085230234436775
COMP36,Agriculture,7,148.88911308159345,745269.4201106641,0.0036602143913679885,-0.0003629806857342599
COMP36,Agriculture,8,149.41241906914803,256912.05545691552,0.003514736415064723,0.003150479947896301
COMP36,Agriculture,9,150.12080232704946,1638419.3965582224,0.004741127024880054,0.007906543798398724
COMP36,Agriculture,10,145.73941453536074,857304.5746963888,-0.02918574723670564,-0.021509961827122948
COMP36,Agriculture,11,146.45831574617122,638629.4334524225,0.004932785088388458,-0.016683280757687102
COMP36,Agriculture,12,144.8521319015852,0.0,-0.010966832688214967,-0.027467150697142007
COMP36,Agriculture,13,148.6681152669178,716692.9042387947,0.026343991733067673,-0.0018467533549707538
COMP36,Agriculture,14,149.16109155471068,0.0,0.003315951688146468,0.001463074588270663
COMP36,Agriculture,15,152.30747719069012,824696.3530485753,0.02109387644716576,0.022587812950034314
COMP36,Agriculture,16,151.16082241605443,784736.3995173086,-0.007528552082837536,0.014889207340964994
COMP36,Agriculture,17,150.15813516656706,886093.2089851216,-0.006633248175427209,0.008157195358109881
COMP36,Agriculture,18,155.87162540222502,747406.1069258796,0.03804982147201086,0.04651739665720922
COMP36,Agriculture,19,157.57927013437222,0.0,0.010955455989764884,0.057982471938810676
COMP36,Agriculture,20,154.78750963406628,0.0,-0.017716546712808867,0.03923867605337383
COMP36,Agriculture,21,158.29575205439184,979886.810255,0.022664893495730976,0.06279290996276798
COMP36,Agriculture,22,156.19730963531308,0.0,-0.013256467036195096,0.04870403078554464
COMP36,Agriculture,23,157.07917331324273,0.0,0.005645831416614122,0.05462483694928344
COMP36,Agriculture,24,164.45785431846335,0.0,0.0469742795915169,0.10416507890429694
COMP36,Agriculture,25,158.67526780315032,0.0,-0.035161510158799536,0.06534096726541172
COMP36,Agriculture,26,157.97751691467917,0.0,-0.004397351257895865,0.06065628882291918
COMP36,Agriculture,27,159.59622245636604,0.0,0.010246429829385839,0.07152422905944
COMP36,Agriculture,28,162.6746142819933,744350.5910112143,0.019288625872513565,0.09219245902710105
COMP36,Agriculture,29,157.70222873141125,0.0,-0.030566450533963008,0.058808012254681685
COMP36,Agriculture,30,151.76015847657007,1120924.5220590571,-0.037679050591994834,0.018913131593728094
COMP37,Agriculture,1,50.80591033421198,0.0,,0.0
COMP37,Agriculture,2,51.770519898171955,0.0,0.018986168294487182,0.018986168294487182
COMP37,Agriculture,3,52.0999938291686,958114.6965498648,0.006364122509194159,0.025471121104687633
COMP37,Agriculture,4,51.61695089616378,0.0,-0.009271458545439981,0.01596350811581959
COMP37,Agriculture,5,48.074432742614505,1074721.7569910614,-0.06863090694131946,-0.05376298886545372
COMP37,Agriculture,6,48.09846756760208,577963.7966700463,0.0004999502566416236,-0.05328991742889322
COMP37,Agriculture,7,48.46675874870772,1377138.468693092,0.007657025259443229,-0.046040934413276724
COMP37,Agriculture,8,46.55103010051957,0.0,-0.03952665079422568,-0.08374774127070894
COMP37,Agriculture,9,47.13528678269431,1444139.5919657173,0.012550886219126145,-0.07224796342338025
COMP37,Agriculture,10,46.80523202890175,0.0,-0.007002285894943117,-0.07874434842310551
COMP37,Agriculture,11,47.20174372239343,0.0,0.008471525004872138,-0.07093990813489204
COMP37,Agriculture,12,46.906598991405694,0.0,-0.006252835334295326,-0.07674916790498987
COMP37,Agriculture,13,48.3961241442407,0.0,0.031755130085383554,-0.04743121763037417
COMP37,Agriculture,14,48.67000620643916,0.0,0.005659173478069768,-0.042040465641150715
COMP37,Agriculture,15,49.904484219241546,952295.0105639009,0.025364246052614225,-0.017742544303225083
COMP37,Agriculture,16,51.275677471768475,0.0,0.02747635355778799,0.009246308834272687
COMP37,Agriculture,17,49.859802811057556,0.0,-0.027612987882811968,-0.018621997262340817
COMP37,Agriculture,18,48.9464675287382,0.0,-0.018318068480543737,-0.03659894672178854
COMP37,Agriculture,19,49.50159882523794,0.0,0.011341600824897213,-0.025672436541221533
COMP37,Agriculture,20,49.05067936915254,1109437.52653578,-0.009109189739049506,-0.034547771184753384
COMP37,Agriculture,21,48.758345241155006,0.0,-0.005959838513090565,-0.040301710560595616
COMP37,Agriculture,22,50.35147873158582,723450.2010344258,0.03267406805032658,-0.008944463343670495
COMP37,Agriculture,23,49.961680836026716,0.0,-0.007741538190706221,-0.0166167576298063
COMP37,Agriculture,24,48.76537803733701,1418053.8193537076,-0.023944406566623555,-0.040163285795922765
COMP37,Agriculture,25,47.75878812903731,0.0,-0.020641486825530242,-0.05997574268682648
COMP37,Agriculture,26,50.43621694076368,1971657.7288048612,0.056061489761682015,-0.00727658240973128
COMP37,Agriculture,27,50.21137125650333,1520125.276854237,-0.004458020404750629,-0.011702163661622467
COMP37,Agriculture,28,48.527120451233245,0.0,-0.033543214676734046,-0.04485285015047247
COMP37,Agriculture,29,46.426659913666185,535227.003337502,-0.043284260801707664,-0.08619568848856718
COMP37,Agriculture,30,45.70672512957083,0.0,-0.015506926094492446,-0.1003659844120035
COMP38,Telecom,1,81.75545798695018,98868469.19778703,,0.0
COMP38,Telecom,2,81.33774983055474,112525073.43228705,-0.005109238779655634,-0.005109238779655634
COMP38,Telecom,3,80.83184361172184,268994672.76442856,-0.006219820684575383,-0.011297280915186891
COMP38,Telecom,4,80.5528336266197,227240647.4193619,-0.0034517335326702536,-0.014710019244494221
COMP38,Telecom,5,80.79405814819984,123676869.15645136,0.0029946124887210157,-0.011759457563112141
COMP38,Telecom,6,80.09960114257537,208820729.39911273,-0.008595397007421401,-0.020253777364186654
COMP38,Telecom,7,78.69440515154596,133177143.55273932,-0.017543108467271695,-0.03744157161828643
COMP38,Telecom,8,77.36213787095157,205619886.2571835,-0.016929631503393106,-0.05373733111127399
COMP38,Telecom,9,79.10443925368024,195601508.53592813,0.022521370668879603,-0.032426198795107664
COMP38,Telecom,10,77.37589955796888,162734233.6864313,-0.02185136146617639,-0.05356900367043804
COMP38,Telecom,11,77.91750495764877,162934210.81307155,0.006999665306302916,-0.046944303460620285
COMP38,Telecom,12,78.68405044621787,117227390.36504534,0.009837911121329368,-0.03756822622438927
COMP38,Telecom,13,78.54686976057395,170653786.72743377,-0.0017434370099906893,-0.03924616539838066
COMP38,Telecom,14,81.12201965654847,319822123.2993618,0.032784882501671664,-0.007747963817936077
COMP38,Telecom,15,81.89380758635278,200723536.65591717,0.009513914139118729,0.0016922368586658187
COMP38,Telecom,16,84.6930575750894,368298553.4253048,0.03418146098268737,0.03593154096951112
COMP38,Telecom,17,83.74299131307221,66399562.050008655,-0.01121775844702333,0.02431071117526251
COMP38,Telecom,18,82.82910124976127,157467047.97442657,-0.0109130334250227,0.01313237414659807
COMP38,Telecom,19,83.65599837465854,244447094.77351496,0.009983171523301415,0.023246648413513205
COMP38,Telecom,20,83.29968364576628,394342611.4361,-0.004259284878730174,0.018888349436714247
COMP38,Telecom,21,85.90351338644568,87580064.7381353,0.031258578985152496,0.05073735138463342
COMP38,Telecom,22,86.47136649419663,197136825.12493625,0.006610359522740472,0.0576831030412579
COMP38,Telecom,23,84.89786960338293,236820469.0808101,-0.018196739043314425,0.03843671962469308
COMP38,Telecom,24,82.32084074767961,304731550.9534077,-0.030354458453933142,0.006915535361806668
COMP38,Telecom,25,82.24100401415792,158369430.38380837,-0.0009698240785269707,0.0059390044305698275
COMP38,Telecom,26,82.14514911678701,178283541.16383412,-0.0011655365656091377,0.004766545738133621
COMP38,Telecom,27,82.64659125341576,119498451.6539612,0.0061043426425075875,0.010899985009047874
COMP38,Telecom,28,84.5044343576247,172481914.28529632,0.02247936758229163,0.033624377360999436
COMP38,Telecom,29,86.19964420105367,187115079.75889584,0.020060602219462265,0.054359504839577744
COMP38,Telecom,30,85.34346092474632,232403243.4749749,-0.009932561604435008,0.0438870141045371
COMP39,Energy,1,115.22353531324407,6403751.562615839,,0.0
COMP39,Energy,2,117.91531295834368,6747319.353788587,0.02336135267661943,0.02336135267661943
COMP39,Energy,3,113.56975568334643,4005472.066727643,-0.03685320562675698,-0.014352793684048182
COMP39,Energy,4,112.37651070093386,6684076.794649411,-0.010506714355708824,-0.024708707336312252
COMP39,Energy,5,111.48347628555823,0.0,-0.007946806764202341,-0.03245915877791972
COMP39,Energy,6,109.33448905074336,3381423.425511418,-0.019276284759100704,-0.05110975154937636
COMP39,Energy,7,110.49081834633579,4674253.758016841,0.010576070786371572,-0.041074221113264864
COMP39,Energy,8,105.35678797906365,0.0,-0.04646567419909409,-0.08563135393612842
COMP39,Energy,9,110.87567903104583,2896170.1498886216,0.05238287117370066,-0.03773409894409352
COMP39,Energy,10,114.95217646562584,5404578.112772577,0.03676638078075323,-0.0023550644135375
COMP39,Energy,11,116.64233103250473,4517594.500399709,0.014703110622566573,0.012313419436433604
COMP39,Energy,12,116.45430601391213,976083.9450003705,-0.0016119792611157813,0.010681591198552942
COMP39,Energy,13,120.85774005133466,4977219.1830425365,0.03781254801257816,0.04889803739117715
COMP39,Energy,14,123.41421507884105,2979908.121432351,0.021152762135222103,0.07108512808021406
COMP39,Energy,15,127.61213056191576,2874180.6350937625,0.034014845699848584,0.10751792344326505
COMP39,Energy,16,127.41810837948529,0.0,-0.001520405478508402,0.10583404712491573
COMP39,Energy,17,134.47835592474556,2695661.2409599624,0.05541007973711998,0.16710839985212944
COMP39,Energy,18,139.30418172128051,0.0,0.03588552048654958,0.20899069224504707
COMP39,Energy,19,141.48532319973972,5356061.469358745,0.015657401317809905,0.2279203447030247
COMP39,Energy,20,146.95481761159917,7664378.221521571,0.03865768044462081,0.2753888970000029
COMP39,Energy,21,145.15473597643975,5453183.982985621,-0.012249218259159256,0.2597663800353416
COMP39,Energy,22,140.19373778589517,4127281.062563519,-0.03417730849202061,0.21671095583699773
COMP39,Energy,23,141.58805533214849,0.0,0.009945647846145045,0.22881193453429916
COMP39,Energy,24,141.3811039821103,0.0,-0.0014616441305921324,0.22701584878258552
COMP39,Energy,25,140.5801219267869,184263.34614622872,-0.005665410954951655,0.2200642997509934
COMP39,Energy,26,145.84099461322165,3408620.4740094477,0.037422592997711224,0.26572226947161237
COMP39,Energy,27,146.6107516254315,0.0,0.005278056517999508,0.2724028231459741
COMP39,Energy,28,147.81155698238572,4632306.238556242,0.008190431763299921,0.28282435164438136
COMP39,Energy,29,146.40498069366464,4477811.803074848,-0.009516010232465844,0.27061698198767714
COMP39,Energy,30,150.36419473600918,1007447.4702571677,0.027042891734870178,0.3049781394680573
COMP40,Energy,1,98.90357753076199,4671591.790606966,,0.0
COMP40,Energy,2,99.73704180527453,3652151.306540809,0.008427038690822952,0.008427038690822952
COMP40,Energy,3,102.97671869435307,1949444.930967867,0.032482183454003444,0.04118295076155576
COMP40,Energy,4,99.99960100182656,2792724.257501204,-0.028910589988431656,0.011081737369142974
COMP40,Energy,5,104.3731957287169,5271264.017551906,0.04373612177523034,0.055302531359431306
COMP40,Energy,6,107.07267761453924,0.0,0.02586374659676749,0.08259660861343887
COMP40,Energy,7,111.04685602511492,3601363.5843446758,0.03711664356506228,0.12277896106008912
COMP40,Energy,8,111.7080927584679,7324916.573184612,0.005954574105217603,0.12946463158750054
COMP40,Energy,9,108.45726224406974,5640554.8219421925,-0.029101119123276176,0.09659594679814543
COMP40,Energy,10,111.05556502250126,5350989.935921985,0.023956927592219346,0.12286701649350973
COMP40,Energy,11,109.02123008070939,6253667.31405626,-0.0183181720013732,0.1022981453507128
COMP40,Energy,12,109.43482535647443,5372975.907933901,0.0037937131644805167,0.10647994833591223
COMP40,Energy,13,108.90093764462277,6636254.572496368,-0.0048785906142087,0.10108188564515053
COMP40,Energy,14,112.66620574087457,786299.2172843805,0.03457516691489859,0.13915197562830284
COMP40,Energy,15,115.19073571955474,1346142.9070443325,0.022407162485674093,0.16467713904208292
COMP40,Energy,16,114.9413906557428,6887133.763801489,-0.0021646277563415195,0.16215604657973604
COMP40,Energy,17,108.43209626354144,4997706.421849073,-0.05663142193656878,0.09634149714974427
COMP40,Energy,18,106.41188929672104,0.0,-0.018631079140168372,0.07591547195169679
COMP40,Energy,19,108.71110826540777,0.0,0.021606786458565175,0.09916254780162337
COMP40,Energy,20,109.65590084495696,3555864.0140087446,0.008690855926540397,0.10871521114441629
COMP40,Energy,21,104.84684126424786,5616171.3215182815,-0.043855912391879914,0.06009149397692215
COMP40,Energy,22,99.3404650916705,0.0,-0.05251828387180035,0.0044173079661611325
COMP40,Energy,23,99.94982059423431,4939229.0209800275,0.006134010969261139,0.010578414750941345
COMP40,Energy,24,96.85418024324852,470970.0412077671,-0.030971945047836957,-0.02072116437725502
COMP40,Energy,25,94.12584440038668,3129666.34031343,-0.028169520778655532,-0.04830697988542754
COMP40,Energy,26,96.06844334956176,3700963.5781923374,0.02063831630462487,-0.028665638311399233
COMP40,Energy,27,99.62150474794166,0.0,0.03698468794223575,0.007258859943224394
COMP40,Energy,28,97.42735190424202,0.0,-0.022024891605996078,-0.014925907266204352
COMP40,Energy,29,97.32094054923124,5821123.230453887,-0.001092212329812381,-0.01600181733606698
COMP40,Energy,30,97.12868826585586,3322813.6940722726,-0.0019754462121964744,-0.017945652818818658
COMP41,Banking,1,117.56213095982433,47156290.02023554,,0.0
COMP41,Banking,2,116.71103792381085,78145179.5012989,-0.007239516918116529,-0.007239516918116529
COMP41,Banking,3,116.9347910196137,57973903.67244475,0.0019171545363936282,-0.005336241654423812
COMP41,Banking,4,116.23759892353537,40215215.34001811,-0.0059622298034583965,-0.011266655558851757
COMP41,Banking,5,114.55430112529082,57210304.29888995,-0.01448152589036078,-0.025585023085039293
COMP41,Banking,6,115.77838964083777,20540272.24516489,0.010685661764966214,-0.015172754223008678
COMP41,Banking,7,115.60110911113166,45590276.91665177,-0.0015312056961239717,-0.016680727311440435
COMP41,Banking,8,114.92960382501768,44707705.93255742,-0.0058088135250367046,-0.022392645602063
COMP41,Banking,9,113.49670341867844,44707146.2739855,-0.012467635479896488,-0.034581097739162514
COMP41,Banking,10,111.79225024713065,22738433.102046125,-0.0150176447439202,-0.04907941584238118
COMP41,Banking,11,115.21054271214864,34695552.679906145,0.03057718632071027,-0.02000293996439506
COMP41,Banking,12,115.82269616111745,50125690.49783746,0.005313345762967714,-0.014795876737734082
COMP41,Banking,13,113.97522552937336,1316472.2831481546,-0.015950851542724687,-0.030510721447170708
COMP41,Banking,14,114.5013477118467,0.0,0.00461611003645479,-0.026035452258207692
COMP41,Banking,15,116.3734406307019,19795395.091662046,0.016349964050785593,-0.010111166915889758
COMP41,Banking,16,116.69977370509496,44044052.00911422,0.002804188589977663,-0.007335331944808954
COMP41,Banking,17,119.16420552385969,0.0,0.021117708634058374,0.013627471286504766
COMP41,Banking,18,116.47162989962338,26465929.709350657,-0.022595506867179038,-0.009275955201710762
COMP41,Banking,19,113.07659177932997,58682844.40524432,-0.02914905649744315,-0.03815462635691147
COMP41,Banking,20,113.55197411122256,58542674.573753215,0.004204073755780469,-0.03411095746445969
COMP41,Banking,21,114.05668891070509,53142173.89006639,0.00444479106094775,-0.029817782482330357
COMP41,Banking,22,108.51523667103304,74644279.12679538,-0.0485850702189895,-0.07695415364564129
COMP41,Banking,23,107.53586844841547,32819449.222625818,-0.009025167825846836,-0.08528479731994021
COMP41,Banking,24,105.95156091677971,66270960.799411006,-0.014732828724917435,-0.09876113973310363
COMP41,Banking,25,103.79214812207005,43122356.10374675,-0.020381132434715066,-0.1171294082995149
COMP41,Banking,26,102.25934630029089,61500660.70218036,-0.014767994010263963,-0.1301676359095859
COMP41,Banking,27,103.20698285988803,71110892.04263951,0.00926699215164506,-0.12210690621831322
COMP41,Banking,28,101.67311770985394,105014460.61074659,-0.014862028784587533,-0.13515417864788726
COMP41,Banking,29,100.21356981646404,39699834.47288616,-0.014355297902391762,-0.14756929805303554
COMP41,Banking,30,97.8376064499497,43552828.98309515,-0.02370899840077345,-0.16777957620226636
COMP42,Telecom,1,127.78112444584508,139745270.04770672,,0.0
COMP42,Telecom,2,121.88439861852318,317316458.092592,-0.04614708043065463,-0.04614708043065463
COMP42,Telecom,3,124.94055890926772,301633316.84649765,0.02507425335304636,-0.022229930663829944
COMP42,Telecom,4,127.06361560086401,208988970.15406433,0.016992533970798585,-0.005615139545005032
COMP42,Telecom,5,123.21428102238045,203647176.28024068,-0.03029454624190142,-0.03573957768230562
COMP42,Telecom,6,118.77073324880901,309267088.44451714,-0.036063577506606714,-0.07051425815911316
COMP42,Telecom,7,114.72602106579197,259591713.4757678,-0.034054788350459164,-0.10216769837227413
COMP42,Telecom,8,116.11695368487658,242445328.36301875,0.012123950662308314,-0.09128242384431284
COMP42,Telecom,9,117.73610835309151,158271287.0516782,0.013944171086412327,-0.07861111049316805
COMP42,Telecom,10,115.84623357961067,231347495.03979242,-0.016051785640927574,-0.09340104743946398
COMP42,Telecom,11,116.943208525117,16822756.01658961,0.009469232720047627,-0.08481625097391687
COMP42,Telecom,12,117.32949905775693,155950517.8718296,0.0033032318636696534,-0.08179318685302128
COMP42,Telecom,13,116.60747188242043,366214170.6335555,-0.006153841797117754,-0.08744368631816346
COMP42,Telecom,14,118.7137218545632,146615386.61164945,0.018062735930563623,-0.07096042260235991
COMP42,Telecom,15,116.21757202672649,208301826.94403487,-0.021026632716433236,-0.09049499657533044
COMP42,Telecom,16,118.69506924208808,240685270.18866554,0.021317750596199447,-0.07110639574632782
COMP42,Telecom,17,117.2000581283292,330446557.626405,-0.012595393585471348,-0.0828061762909299
COMP42,Telecom,18,121.07231762573022,59673154.986451656,0.033039740416860974,-0.05250233044363406
COMP42,Telecom,19,118.9532459783033,112391515.8451519,-0.017502528149973884,-0.06908593507707905
COMP42,Telecom,20,118.25463551263638,258841940.3300078,-0.0058729836241235844,-0.07455317813583773
COMP42,Telecom,21,118.43127044078635,332678803.35744643,0.0014936829104774674,-0.07317085403346357
COMP42,Telecom,22,118.59478685341723,259464970.3634336,0.001380686131477793,-0.07189119388537812
COMP42,Telecom,23,119.69962059229904,102280394.95467478,0.009316039669158283,-0.06324489543031919
COMP42,Telecom,24,117.01254594819927,157062151.1933577,-0.022448480879083466,-0.08427362448363551
COMP42,Telecom,25,116.98521227842149,257288855.84648794,-0.0002335960606300036,-0.08448753455757108
COMP42,Telecom,26,117.32782112079413,116603070.64550115,0.0029286508585140147,-0.08180631818967288
COMP42,Telecom,27,116.26948213797668,298113773.1626962,-0.009020358280819374,-0.09008875417078666
COMP42,Telecom,28,117.16950813824413,204874327.50794882,0.0077408618643315386,-0.08304525690802089
COMP42,Telecom,29,114.41417920687242,87440033.76295365,-0.023515750600581087,-0.10460813595859175
COMP42,Telecom,30,113.79366421186046,247147950.1902522,-0.005423409924481537,-0.10946421308033394
COMP43,Retail,1,56.09287217207199,5414191.195731152,,0.0
COMP43,Retail,2,55.78565555814189,1357036.1551806424,-0.005476927852574143,-0.005476927852574143
COMP43,Retail,3,54.67193960824193,0.0,-0.019964199376293124,-0.02533178474924891
COMP43,Retail,4,55.37339514962452,3672284.447386148,0.01283026624643191,-0.01282653204564721
COMP43,Retail,5,54.408741094435285,2027539.5666900182,-0.017420894142081145,-0.030023976530751173
COMP43,Retail,6,52.383345987697886,2694902.2423047195,-0.037225546226515194,-0.0661318638310171
COMP43,Retail,7,52.16473406847853,3049642.2527986686,-0.004173309571914308,-0.07002918466259689
COMP43,Retail,8,52.546693225995426,4198107.387746609,0.007322172044728292,-0.06321977835612014
COMP43,Retail,9,52.24758422508882,2629015.426372184,-0.005692251644079271,-0.06855216711291345
COMP43,Retail,10,51.5629068097134,1962333.438577094,-0.013104479863140672,-0.08075830648254834
COMP43,Retail,11,50.81980737233014,1547915.1358785564,-0.014411511750599626,-0.09400596895031621
COMP43,Retail,12,50.95939016245822,4277379.304330282,0.0027466217867657683,-0.09151754600595541
COMP43,Retail,13,49.98481062244717,3674841.9499400137,-0.019124631140680748,-0.10889193783637197
COMP43,Retail,14,49.637696063345075,2522984.8333081654,-0.006944400804555939,-0.11508014938020739
COMP43,Retail,15,50.477029474682745,2621061.1482717954,0.01690919357470899,-0.10011686832797473
COMP43,Retail,16,49.065064447823275,824120.0567963454,-0.027972427093152397,-0.12528878362102813
COMP43,Retail,17,49.0305997915537,1729667.291364961,-0.0007024276164200316,-0.1259032049358051
COMP43,Retail,18,47.15050981597788,0.0,-0.038345237128828646,-0.15942065381609083
COMP43,Retail,19,47.399765166773015,3570325.768766388,0.0052863765793402795,-0.15497703484734704
COMP43,Retail,20,46.40194942241048,3238435.421257684,-0.02105106936398915,-0.17276567190093928
COMP43,Retail,21,47.46679868781749,2756778.717795467,0.022948373477014394,-0.15378198958671496
COMP43,Retail,22,45.9611121469917,2112339.8189969277,-0.0317208360885779,-0.18062473239023724
COMP43,Retail,23,46.42227411586831,2793938.920084535,0.010033742599651063,-0.17240333186252066
COMP43,Retail,24,47.69861078067774,2793634.0724487905,0.027494057305847086,-0.14964934164262067
COMP43,Retail,25,46.64123898482446,0.0,-0.022167769219006428,-0.1684997187923173
COMP43,Retail,26,45.77699343230687,0.0,-0.018529643965907394,-0.18390712296064748
COMP43,Retail,27,44.84747705328208,5311449.075279093,-0.02030531735115637,-0.20047814781694973
COMP43,Retail,28,44.382105316448225,1742613.5350467695,-0.010376765147367295,-0.20877459830724132
COMP43,Retail,29,44.90178883452679,2550234.7386059137,0.011709302980856373,-0.19950990035267102
COMP43,Retail,30,44.35611260808354,2459254.459110126,-0.012152661188047253,-0.20923798531807114
COMP44,Telecom,1,113.60684203522257,154543570.44828722,,0.0
COMP44,Telecom,2,115.34964573340712,168596595.34152213,0.015340657894919785,0.015340657894919785
COMP44,Telecom,3,115.49497345110686,255369560.40707925,0.0012598887215971022,0.016619874138380508
COMP44,Telecom,4,116.51633146921556,202717408.9881186,0.00884331142377448,0.02561016028498453
COMP44,Telecom,5,117.50701156065607,213513809.86658198,0.008502499855157719,0.034330410524255894
COMP44,Telecom,6,116.23712877283135,317923728.0116881,-0.010806868211172271,0.023152538090912556
COMP44,Telecom,7,118.50932223686755,306527042.59901595,0.01954791457793892,0.043153036505715114
COMP44,Telecom,8,117.3929843792796,243131529.43601203,-0.009419831592291983,0.03332671057684333
COMP44,Telecom,9,118.31190852325818,278269595.02158177,0.007827760311550414,0.041415344390761666
COMP44,Telecom,10,121.0303657133818,60848991.107536405,0.0229770377644547,0.0653439840873109
COMP44,Telecom,11,124.12631308228794,256368465.57672602,0.025579922448865533,0.09259540058162985
COMP44,Telecom,12,123.58503071533222,187962848.01415414,-0.0043607382956495355,0.087830877976663
COMP44,Telecom,13,124.67419092120441,253412863.41175386,0.008813043129640707,0.09741797842202615
COMP44,Telecom,14,123.92432086531906,137523584.6507244,-0.0060146374349385745,0.09081740716723452
COMP44,Telecom,15,129.69394372893376,166097963.5513606,0.046557631490957485,0.14160328203404826
COMP44,Telecom,16,131.58560966749178,158873355.78289124,0.01458561505779854,0.15825426805451626
COMP44,Telecom,17,131.84259062408356,183332867.67475557,0.0019529563851332643,0.16051628812292118
COMP44,Telecom,18,132.644528866019,260727231.63107175,0.006082543115539574,0.16757517848171477
COMP44,Telecom,19,133.67864289276267,116952919.69469705,0.007796130270764534,0.17667774667406944
COMP44,Telecom,20,134.7927098872141,192913677.53442654,0.008333919093906017,0.1864840838144508
COMP44,Telecom,21,134.27046324010547,210471479.03550366,-0.0038744428207253545,0.181887119074011
COMP44,Telecom,22,133.37920766544755,97059096.42778108,-0.0066377634600407465,0.17404203194112866
COMP44,Telecom,23,133.07340539666404,208640059.5157576,-0.0022927281855695814,0.17135027268345393
COMP44,Telecom,24,130.42840369948516,146313965.84747648,-0.019876260694574488,0.14806820929893671
COMP44,Telecom,25,132.1835365017734,189660379.36379856,0.013456676249232968,0.16351739150350908
COMP44,Telecom,26,130.34681346803885,286111003.1687093,-0.013895248094757395,0.14735002868600278
COMP44,Telecom,27,127.93951237920764,188632809.99282676,-0.018468430679523085,0.12616027421606657
COMP44,Telecom,28,127.96249488747418,299311386.5050551,0.00017963573441193148,0.126362572843991
COMP44,Telecom,29,127.71905961535248,172081435.91453317,-0.001902395481861885,0.12421978577447423
COMP44,Telecom,30,128.35045156243302,132600200.69066392,0.004943600031053208,0.12977747874233958
COMP45,Retail,1,77.68699694920123,2155808.542016176,,0.0
COMP45,Retail,2,78.39938638272098,3251268.56003138,0.009169995771436179,0.009169995771436179
COMP45,Retail,3,80.55238652639638,4152842.5688630333,0.02746195146432817,0.036883773214567706
COMP45,Retail,4,81.99676346975644,3682450.8192428076,0.017930901934069432,0.055476034469106095
COMP45,Retail,5,83.58193275486623,2886112.1168748834,0.01933209578076167,0.07588059826176141
COMP45,Retail,6,82.74701766512938,3041731.1625521285,-0.009989181420170579,0.0651334317792831
COMP45,Retail,7,84.82134716347872,0.0,0.025068329432052616,0.091834547536219
COMP45,Retail,8,81.2892461732568,3776720.9837285858,-0.041641651640057065,0.0463687536591364
COMP45,Retail,9,83.35918461186543,769527.1546875946,0.025463865591727197,0.07301334696169581
COMP45,Retail,10,83.25873839468571,2711726.560473061,-0.0012049808026244335,0.07172038647764722
COMP45,Retail,11,83.51678597229773,4099261.5877419733,0.003099345276993626,0.07504201799573451
COMP45,Retail,12,81.81904846204434,4366690.504889298,-0.02032809920171641,0.05318845720790377
COMP45,Retail,13,78.63835072309958,3132039.708057007,-0.038874782813201225,0.012245984672575982
COMP45,Retail,14,78.8452439877443,3138717.5964764645,0.0026309461317828298,0.014909149330363025
COMP45,Retail,15,79.82810811608518,0.0,0.01246573767332948,0.027560740548177254
COMP45,Retail,16,81.0926969342274,1660314.2640599615,0.015841397823223913,0.043838739026727414
COMP45,Retail,17,82.18197830898286,0.0,0.013432545912722027,0.05786015081418183
COMP45,Retail,18,82.8716970683633,0.0,0.008392579170913628,0.06673832588164452
COMP45,Retail,19,81.22542319811002,3463203.977951761,-0.019865333141364516,0.04554721366334413
COMP45,Retail,20,82.62983099035728,2940483.8855703045,0.017290249000265323,0.06362498532911687
COMP45,Retail,21,80.78934384213703,4470310.484506818,-0.022273882521132493,0.03993392735935486
COMP45,Retail,22,82.80251926890128,3160184.094531198,0.02491882383273225,0.06584785769290402
COMP45,Retail,23,82.67100085065711,4090751.7950737574,-0.0015883383670618478,0.06415493064707967
COMP45,Retail,24,82.60013235864005,3551268.499593424,-0.0008572352008302531,0.06324269958139195
COMP45,Retail,25,84.21050437657311,1847113.3459974455,0.01949599803231572,0.08397167716030474
COMP45,Retail,26,86.10865924216444,0.0,0.022540594901357514,0.10840504361972036
COMP45,Retail,27,87.6035944147025,1563903.8280899727,0.017361031813697636,0.12764809884446526
COMP45,Retail,28,86.0587288284175,0.0,-0.01763472830774304,0.10776233099460009
COMP45,Retail,29,87.53744867412162,5051793.823292398,0.01718268287058211,0.12679665982405708
COMP45,Retail,30,86.00447374850334,0.0,-0.017512218471492424,0.10706395054427031
COMP46,Banking,1,94.00710750664985,41359967.914981216,,0.0
COMP46,Banking,2,93.79645466143822,96675130.67411128,-0.0022408182827742262,-0.0022408182827742262
COMP46,Banking,3,91.76104708923711,78690804.17434005,-0.021700261268381538,-0.023892453208964604
COMP46,Banking,4,91.66591424669055,77679609.82344034,-0.0010367453899479129,-0.024904428208193607
COMP46,Banking,5,91.22365896602292,64387028.98581671,-0.004824642663546985,-0.029608915904896116
COMP46,Banking,6,91.25226346723645,60845975.38611483,0.0003135645022107614,-0.029304635707662063
COMP46,Banking,7,91.39790951588513,54956225.59029053,0.0015960814900879416,-0.027755326804200897
COMP46,Banking,8,94.90268731984112,75662806.10596162,0.03834636724756657,0.009526724488655658
COMP46,Banking,9,94.4490771280238,72787620.29671237,-0.0047797402226194,0.004701448997808111
COMP46,Banking,10,96.7419790413767,58360523.5682374,0.024276594150781428,0.029092178317829953
COMP46,Banking,11,99.18286700524143,41310385.74900705,0.025230907906285127,0.055057108296045376
COMP46,Banking,12,100.3392708275263,19685793.231975146,0.011659310294224179,0.06735834649979577
COMP46,Banking,13,100.01475819256355,64430580.58914381,-0.0032341538092355293,0.06390634543764406
COMP46,Banking,14,98.0211402243988,52146318.29323922,-0.019933237896014533,0.0426992471549561
COMP46,Banking,15,98.75478221897731,66030286.377540186,0.007484528265014889,0.05050335914219706
COMP46,Banking,16,100.30439487821695,69546306.02102937,0.0156915201919392,0.06698735381387677
COMP46,Banking,17,102.99828352679334,4037768.257405095,0.026857134743169864,0.09564357694451431
COMP46,Banking,18,101.57022731769796,39626388.35728563,-0.013864854444141317,0.08045263822752036
COMP46,Banking,19,101.22897783930723,42343660.31150291,-0.003359739240548665,0.07682259910131295
COMP46,Banking,20,99.83457730506346,23732502.670495138,-0.013774717121586177,0.061989672408561125
COMP46,Banking,21,98.91886012714936,59015525.07301537,-0.009172344919295417,0.0522487368325002
COMP46,Banking,22,99.93832367101473,64152526.596450076,0.010306058344737856,0.06309327370747275
COMP46,Banking,23,98.95361063584534,54297915.076764405,-0.0098532074483354,0.05261839514470301
COMP46,Banking,24,97.76577757145101,21859155.729151502,-0.012003938580529616,0.039982828580650276
COMP46,Banking,25,98.97002546186799,61314339.59105738,0.01231768334821326,0.05279300775068596
COMP46,Banking,26,99.67008811314308,41296726.74743602,0.007073481571900908,0.0602399196900365
COMP46,Banking,27,100.22355902223651,39246508.376131155,0.005553029194327097,0.06612746291706628
COMP46,Banking,28,99.27536668346173,71370417.66773888,-0.009460772976186305,0.05604107302673045
COMP46,Banking,29,101.24874590606768,82981325.74400973,0.019877833631156916,0.07703288178402423
COMP46,Banking,30,101.29987454024928,62529808.030211166,0.0005049804195009777,0.07757676230048394
COMP47,Manufacturing,1,94.37713390922451,15251610.615679134,,0.0
COMP47,Manufacturing,2,93.60716658977937,8521876.61497456,-0.008158409643862718,-0.008158409643862718
COMP47,Manufacturing,3,93.22320626800193,0.0,-0.004101826128976804,-0.012226771394991398
COMP47,Manufacturing,4,93.94197755359909,9833566.169075757,0.007710218457095408,-0.004610824016376358
COMP47,Manufacturing,5,95.11840289430891,19035308.487632755,0.012522893080876507,0.00785432820832832
COMP47,Manufacturing,6,96.69426598191579,7286773.069939215,0.016567383804350744,0.024551837682631694
COMP47,Manufacturing,7,93.65564972026094,8636333.175632259,-0.03142498917384773,-0.007644692724590785
COMP47,Manufacturing,8,94.07523660333312,9010689.067688711,0.004480102207666592,-0.003198839521676544
COMP47,Manufacturing,9,93.80353435765198,9694547.202717463,-0.0028881377872773673,-0.006077738619655881
COMP47,Manufacturing,10,98.99428097580702,8790814.269845242,0.05533636502825012,0.04892230644579065
COMP47,Manufacturing,11,99.15219266313184,16388482.137161003,0.0015951596977952232,0.05059550503515142
COMP47,Manufacturing,12,97.95448238927301,4115676.657227475,-0.012079513742353942,0.03790482219442404
COMP47,Manufacturing,13,98.20039939311923,10169408.523069728,0.002510523233321127,0.04051050636451925
COMP47,Manufacturing,14,98.21303213932613,12196860.730000187,0.00012864251352318057,0.040644360251405276
COMP47,Manufacturing,15,94.411050868849,10549905.380564582,-0.0387115761285487,0.00035937687678821995
COMP47,Manufacturing,16,95.21373626217623,18357370.599407192,0.008502027950544333,0.008864460259583762
COMP47,Manufacturing,17,94.65257265869397,0.0,-0.005893725270239014,0.002918490295905851
COMP47,Manufacturing,18,94.63044317415147,0.0,-0.0002337969684385044,0.0026840109932837475
COMP47,Manufacturing,19,93.01938042062706,5723157.372155359,-0.01702478292909948,-0.0143864666403557
COMP47,Manufacturing,20,91.0336827787986,3665400.699358007,-0.021347138981675284,-0.03542649571920409
COMP47,Manufacturing,21,92.67578552616132,17631235.15592512,0.018038408391681138,-0.018027124925192095
COMP47,Manufacturing,22,94.78170053233615,9709830.707059043,0.022723465403811982,0.004286701729051989
COMP47,Manufacturing,23,95.6062629917253,11608770.549790887,0.008699595541734828,0.013023589842037664
COMP47,Manufacturing,24,92.23340529761641,9297930.288851805,-0.03527862703305129,-0.022714491559682304
COMP47,Manufacturing,25,93.15675813826216,11447143.049046954,0.010011045755778936,-0.012930841618226552
COMP47,Manufacturing,26,89.89703092595343,14337718.309537586,-0.03499184898073293,-0.04747021654186068
COMP47,Manufacturing,27,88.74272044424353,18449383.55316115,-0.012840362688515072,-0.05970104443307589
COMP47,Manufacturing,28,90.31942655668357,15587723.75742254,0.017767159994048987,-0.04299460244728115
COMP47,Manufacturing,29,91.54260940427213,9063856.912173696,0.013542854446943364,-0.030034017643285504
COMP47,Manufacturing,30,92.41080303048935,7295557.058975484,0.00948403843704182,-0.02083482298399142
COMP48,Energy,1,77.41203638192007,0.0,,0.0
COMP48,Energy,2,78.6932367005734,3747997.747722402,0.016550401959875893,0.016550401959875893
COMP48,Energy,3,80.47041316073779,1827796.682356073,0.02258359847271918,0.0395077680650191
COMP48,Energy,4,79.68111756562104,0.0,-0.009808519232281765,0.029311736129847166
COMP48,Energy,5,80.31463096106917,3674042.43982156,0.00795060881176024,0.03749539108916933
COMP48,Energy,6,79.3001876648542,6672442.157750005,-0.01263086543604608,0.024390926413804026
COMP48,Energy,7,77.60805732234684,3521962.2060020636,-0.021338289256751963,0.0025321765139940666
COMP48,Energy,8,81.60847577412116,5857840.796361977,0.051546432030356026,0.054209133208917626
COMP48,Energy,9,81.9269785681222,6221795.347801595,0.003902815130166104,0.05832351656436474
COMP48,Energy,10,83.20454513909283,0.0,0.01559396664321433,0.07482697817939865
COMP48,Energy,11,85.3384056986922,0.0,0.0256459614800153,0.10239194945946872
COMP48,Energy,12,85.7036849058074,1970151.4492598944,0.004280361276081335,0.10711058527099881
COMP48,Energy,13,86.34620069580073,3397866.019200352,0.007496944742801714,0.11541053215294639
COMP48,Energy,14,83.59770348394017,4176290.9779104646,-0.03183113083971778,0.07990575356398666
COMP48,Energy,15,81.40059630308977,6622724.634809421,-0.026281908345394678,0.05152376952715354
COMP48,Energy,16,79.13839505401266,0.0,-0.027790966550834018,0.0223009076208176
COMP48,Energy,17,80.60912918516748,0.0,0.018584331033640877,0.04129968610403445
COMP48,Energy,18,80.80094233394527,4634345.378793413,0.0023795462215847607,0.0437775068376407
COMP48,Energy,19,78.67753637689702,4089164.617376929,-0.026279470210537226,0.016347586940272052
COMP48,Energy,20,80.07875967747196,3863951.133414818,0.017809699758041697,0.034448432313488375
COMP48,Energy,21,81.4153915221266,3335278.5714061772,0.016691465377811854,0.05171489250658068
COMP48,Energy,22,79.75547253455676,6402993.736237974,-0.020388270037597467,0.03027224527559369
COMP48,Energy,23,79.70884306994743,6587217.374072424,-0.0005846553612872674,0.029669891083807798
COMP48,Energy,24,81.04826037483085,4356014.94541281,0.016803873363310906,0.04697233353959418
COMP48,Energy,25,79.00760579532258,3984553.7733937176,-0.025178265024698665,0.020611386652207075
COMP48,Energy,26,80.38124892591144,4946969.502542084,0.01738621385575745,0.0383559544841634
COMP48,Energy,27,81.13071625026113,5756141.592002805,0.009323907433193668,0.04803748928647922
COMP48,Energy,28,78.75451769609204,1190522.2411305215,-0.029288519367181687,0.0173420229839798
COMP48,Energy,29,79.29535450725548,2558951.6505639083,0.006867375066031078,0.024328492226245668
COMP48,Energy,30,80.1900147918802,4549799.600482459,0.011282631752946637,0.03588561339808538
COMP49,Banking,1,111.6712707646776,54506637.77495605,,0.0
COMP49,Banking,2,110.30082556440567,83419834.30577222,-0.01227213759535195,-0.01227213759535195
COMP49,Banking,3,109.6948129808442,41707685.00446054,-0.005494179943445698,-0.01769889220655807
COMP49,Banking,4,111.22865849581903,68880122.85322982,0.013982844523766857,-0.003963528540758432
COMP49,Banking,5,109.13966516048629,40752949.52413356,-0.018781071025964713,-0.02267016025568569
COMP49,Banking,6,111.34963724289615,58228966.551771805,0.02024902751131008,-0.0028801814430787775
COMP49,Banking,7,112.88237886723594,30492395.29661325,0.013765124541863516,0.010845297042517688
COMP49,Banking,8,113.37612337794526,68720713.08967815,0.004373973295602074,0.015266707377766586
COMP49,Banking,9,112.5560098785463,90991498.5724908,-0.007233564483988042,0.007922710181503367
COMP49,Banking,10,110.22954574692194,44282434.0761305,-0.0206693905917128,-0.012910438001495828
COMP49,Banking,11,111.43686077387807,29117179.552842982,0.010952735210648656,-0.0020991073997310705
COMP49,Banking,12,116.16078784191431,57592042.035725094,0.042391063739867896,0.0402029729445581
COMP49,Banking,13,116.44874527518782,56291043.4107354,0.00247895558065081,0.04278158990934866
COMP49,Banking,14,113.33500063474017,52772917.89423605,-0.026739185837420187,0.014898459188922075
COMP49,Banking,15,114.14827802519228,42589998.04984691,0.0071758714068672624,0.02218124002308941
COMP49,Banking,16,115.66403423445138,17924958.88667339,0.013278835524129118,0.03575461658520629
COMP49,Banking,17,114.11531198005552,47261300.22781191,-0.013389834313202287,0.021886033879995992
COMP49,Banking,18,113.04819891825787,57829767.462610014,-0.009351182091884014,0.012330191500030896
COMP49,Banking,19,111.82007355973008,38264339.40981029,-0.010863732198120313,0.0013325074035026585
COMP49,Banking,20,110.9642564439119,0.0,-0.007653519520902652,-0.006331210488824457
COMP49,Banking,21,110.70989137697325,69886721.59755857,-0.002292315337301676,-0.008609012695218965
COMP49,Banking,22,109.32085390561936,50129283.74395195,-0.012546642888702109,-0.021047641376009896
COMP49,Banking,23,107.34383631700065,38852900.326892234,-0.018084542134344628,-0.038751546553061456
COMP49,Banking,24,107.6559223068356,31814797.935342997,0.002907348950277111,-0.03595686187097702
COMP49,Banking,25,107.39222710817045,55810885.18959492,-0.002449425846853037,-0.03831821405099156
COMP49,Banking,26,106.7224649874907,37442133.24433421,-0.006236597738168981,-0.044315836502079486
COMP49,Banking,27,106.88644672274411,0.0,0.0015365249975498596,-0.04284740389510244
COMP49,Banking,28,104.50677373940476,88693624.58827634,-0.02226356153004183,-0.0641570296121231
COMP49,Banking,29,104.95035550352951,28513892.275470257,0.004244526438361262,-0.06018481938215725
COMP49,Banking,30,104.32798208301232,32739301.8583402,-0.00593016972197169,-0.06575808291050655
COMP50,Energy,1,74.22571575847674,5581482.1939023575,,0.0
COMP50,Energy,2,70.71605784364337,4278625.061045081,-0.04728358465755256,-0.04728358465755256
COMP50,Energy,3,68.63118797852836,5300446.709873745,-0.029482269355635693,-0.07537182663421427
COMP50,Energy,4,65.21684378396202,1075119.5503062992,-0.04974916353822312,-0.12137130484303726
COMP50,Energy,5,66.52036398906938,6111151.216282071,0.019987477612768423,-0.10380973346865152
COMP50,Energy,6,63.95541566331573,688818.1205137838,-0.03855884381773855,-0.13836579398681126
COMP50,Energy,7,65.88783922931954,4698718.559436951,0.030215167018486477,-0.11233137254328174
COMP50,Energy,8,66.68806771468613,5644831.965422255,0.012145313835250082,-0.10155035848111416
COMP50,Energy,9,67.2963686615505,6582059.719915806,0.009121586030455875,-0.09335507278196742
COMP50,Energy,10,70.76153407959329,5822791.754316722,0.05149112035256964,-0.04667090971753696
COMP50,Energy,11,68.10097090308102,6250297.727020784,-0.037599003627021954,-0.08251513364081287
COMP50,Energy,12,69.9271950408658,5758431.31366694,0.026816418526305563,-0.05791147547297337
COMP50,Energy,13,69.32290373125848,0.0,-0.008641720996447333,-0.0660527416558907
COMP50,Energy,14,74.9002671643311,0.0,0.08045484440026018,0.009087839692234256
COMP50,Energy,15,74.06800254453783,3290847.6392633496,-0.011111637532176921,-0.0021247786205532693
COMP50,Energy,16,72.8909416757653,1720581.7622594219,-0.015891624295724105,-0.01798263673272793
COMP50,Energy,17,73.84589691303167,7388320.365048915,0.01310115105268106,-0.0051170789202078515
COMP50,Energy,18,73.40288145465422,0.0,-0.005999188538520772,-0.01108556913751979
COMP50,Energy,19,71.76947905319932,8130745.349169299,-0.022252565145742476,-0.03309145193385199
COMP50,Energy,20,69.72793310131935,7283257.728658979,-0.028445879485437864,-0.060596015965581285
COMP50,Energy,21,72.86417808774365,0.0,0.04497831567539978,-0.018343207024952957
COMP50,Energy,22,70.3824037390018,4115690.0595269594,-0.03406028056411037,-0.05177871281134783
COMP50,Energy,23,70.8727426527676,4856925.575870974,0.0069667827143857775,-0.04517266113834928
COMP50,Energy,24,73.17262942122909,3713351.20847069,0.03245093504747665,-0.014187621183394894
COMP50,Energy,25,75.65672145021571,5391844.296708555,0.03394837726394351,0.019279109364136904
COMP50,Energy,26,74.32197835229395,0.0,-0.017642095405892788,0.0012968900715013554
COMP50,Energy,27,73.88214359879761,8738538.566432482,-0.0059179634779295,-0.004628748354506218
COMP50,Energy,28,73.01868479416825,4772522.8536307225,-0.011686975533874655,-0.01626162781960927
COMP50,Energy,29,69.74981731803281,0.0,-0.04476754799610572,-0.06030118261180584
COMP50,Energy,30,70.90141018342116,0.0,0.016510335219051875,-0.044786440131780125
COMP51,Agriculture,1,68.87940277734444,0.0,,0.0
COMP51,Agriculture,2,69.00240049077199,0.0,0.0017856965720963736,0.0017856965720963736
COMP51,Agriculture,3,70.17653680994354,1729396.5877197762,0.017015876416191844,0.018831958180475894
COMP51,Agriculture,4,69.9433370180705,0.0,-0.003323045030059202,0.015446333705378734
COMP51,Agriculture,5,66.85727434760399,0.0,-0.0441223253284182,-0.02935751978391954
COMP51,Agriculture,6,66.24180912419284,0.0,-0.0092056583134279,-0.03829292280128693
COMP51,Agriculture,7,64.65512526468578,904839.6992923298,-0.023952906487386016,-0.06132860248968508
COMP51,Agriculture,8,64.90484653665237,1071462.1924051652,0.003862358489667761,-0.05770311704850284
COMP51,Agriculture,9,66.93621597049362,1174033.7591865095,0.03129765406184437,-0.0282114351823326
COMP51,Agriculture,10,70.320467762435,1012370.1671129997,0.05055935330185379,0.020921566200985398
COMP51,Agriculture,11,70.43328368434268,827541.2467272249,0.0016043113121604335,0.022559442218470283
COMP51,Agriculture,12,67.55719163491203,1167430.673064033,-0.04083427463527456,-0.01919603087597188
COMP51,Agriculture,13,67.66228427521526,869194.5256026047,0.0015556099618698749,-0.017670282450961028
COMP51,Agriculture,14,67.81360428189653,0.0,0.0022364010955613356,-0.015473399194431914
COMP51,Agriculture,15,68.97343460277818,792965.5790134906,0.01710321008835214,0.0013651660967168855
COMP51,Agriculture,16,68.93948121865809,0.0,-0.0004922675565691703,0.0008722265131688722
COMP51,Agriculture,17,69.05335680512408,0.0,0.001651819602541016,0.0025254868765622884
COMP51,Agriculture,18,67.96993491807302,880696.2050740368,-0.01568963388859712,-0.013203770976518592
COMP51,Agriculture,19,67.44115394719695,0.0,-0.007779630383837111,-0.020880680902485516
COMP51,Agriculture,20,68.31119995748342,1070951.668365787,0.012900817369875917,-0.008249241383491257
COMP51,Agriculture,21,64.96503109893916,160050.70711238135,-0.04898419088856443,-0.056829349857440925
COMP51,Agriculture,22,64.45094732598152,0.0,-0.007913238310849446,-0.0642928839798178
COMP51,Agriculture,23,65.5681085177118,1235671.1336805515,0.01733351080287293,-0.04807379457595695
COMP51,Agriculture,24,68.31266290393701,0.0,0.04185806862926089,-0.008228002139325508
COMP51,Agriculture,25,67.63490794724454,0.0,-0.009921366374570195,-0.018067735490140735
COMP51,Agriculture,26,69.66834013176671,0.0,0.03006483258775572,0.011453893654864045
COMP51,Agriculture,27,72.6740286127364,0.0,0.04314281745890458,0.05509086435691413
COMP51,Agriculture,28,71.97630878003501,706118.7853359937,-0.009600676417972798,0.04496127837666419
COMP51,Agriculture,29,70.97795293850075,1090022.1556838437,-0.013870617408087926,0.03046702027803505
COMP51,Agriculture,30,70.65472211721692,817136.0145794202,-0.004553960883654895,0.025774313775792423
COMP52,Manufacturing,1,137.25199518293624,14162031.909396417,,0.0
COMP52,Manufacturing,2,136.44751623616864,0.0,-0.005861327885946954,-0.005861327885946954
COMP52,Manufacturing,3,132.23152539129725,16426189.545153338,-0.030898260086861473,-0.036578483139334095
COMP52,Manufacturing,4,132.8446360714878,6409733.259998532,0.004636645296015818,-0.03211143929510163
COMP52,Manufacturing,5,134.42331476728108,11577634.130896721,0.011883646509775136,-0.020609393778829532
COMP52,Manufacturing,6,131.8568585472347,9314172.700107465,-0.01909234439345231,-0.039308256528516106
COMP52,Manufacturing,7,131.11948895281992,9882795.427126925,-0.00559219749764206,-0.0446806344923627
COMP52,Manufacturing,8,132.5754936944123,6928682.93917121,0.011104411351971377,-0.034072375285261636
COMP52,Manufacturing,9,128.51346511870847,6029777.544944482,-0.030639362241915102,-0.06366778167836917
COMP52,Manufacturing,10,126.8945773454952,13736135.039889343,-0.01259702842591548,-0.07546278524866723
COMP52,Manufacturing,11,127.89310795412153,10017998.195074098,0.007868977772845565,-0.06818762245562049
COMP52,Manufacturing,12,130.7902885494556,9029484.848799374,0.022653140905555036,-0.047079145369567366
COMP52,Manufacturing,13,136.67567533570252,9102471.560434654,0.044998652816806706,-0.004198990670157832
COMP52,Manufacturing,14,142.17858116645928,14084406.291624432,0.040262510627736336,0.03589445805109559
COMP52,Manufacturing,15,142.6307711207169,6450617.489982331,0.003180436536556863,0.03918905463349809
COMP52,Manufacturing,16,141.29850839446712,15439550.186353631,-0.009340640282468948,0.029482363488687602
COMP52,Manufacturing,17,143.9746408252983,10893694.568987159,0.018939566038164823,0.048980312697107564
COMP52,Manufacturing,18,142.46057862569657,0.0,-0.010516172785170808,0.03794905448054231
COMP52,Manufacturing,19,140.34777009571877,8519543.220424343,-0.01483082934493074,0.02255540918480925
COMP52,Manufacturing,20,139.5353666450827,12584936.524630861,-0.005788502732049228,0.016636344405071224
COMP52,Manufacturing,21,138.3801526875881,4900034.197537859,-0.008279004708770077,0.008219607322634825
COMP52,Manufacturing,22,139.56874002415387,7527613.508206449,0.00858929054117441,0.01687949845923775
COMP52,Manufacturing,23,137.93867571049148,7907771.039845656,-0.011679293754319864,0.0050030640839868745
COMP52,Manufacturing,24,138.21516652625715,14561253.660010433,0.002004447370119511,0.007017539832752107
COMP52,Manufacturing,25,142.73799082207236,19995469.544663146,0.03272306802130864,0.039970243287350105
COMP52,Manufacturing,26,143.1300320241349,17256036.724299934,0.002746579237977498,0.0428266039656775
COMP52,Manufacturing,27,147.58265293224235,0.0,0.03110892134333243,0.07526781476318023
COMP52,Manufacturing,28,151.21905935272633,2797198.7288926607,0.02463979572283148,0.10176219406628029
COMP52,Manufacturing,29,153.06617044343295,6780805.005700459,0.01221480346864312,0.11522000273598088
COMP52,Manufacturing,30,152.03142739568713,12195401.703235313,-0.006760102802259804,0.10768100087034926
COMP53,Manufacturing,1,121.44596838857818,6425894.060186714,,0.0
COMP53,Manufacturing,2,120.42007728504892,5148300.230199441,-0.008447304732643102,-0.008447304732643102
COMP53,Manufacturing,3,120.33239631081848,13478204.426591164,-0.0007281258757448894,-0.00916927990723182
COMP53,Manufacturing,4,116.0923695662308,11521564.215591602,-0.035235953696423516,-0.04408214528141452
COMP53,Manufacturing,5,115.08501561027889,7670771.488275272,-0.008677176283986676,-0.052376813019818
COMP53,Manufacturing,6,114.08861709270187,4846199.257642802,-0.008657934417380608,-0.0605812724250816
COMP53,Manufacturing,7,114.47335203411127,12235623.844656644,0.003372246515152222,-0.057413320894748376
COMP53,Manufacturing,8,119.04312885874812,8783409.857248787,0.03992000534128781,-0.01978525563024003
COMP53,Manufacturing,9,114.55441486050275,6065095.581355919,-0.0377066197879552,-0.05674584030673824
COMP53,Manufacturing,10,113.65827930972904,11850970.866817206,-0.007822793664172267,-0.06412472297089078
COMP53,Manufacturing,11,109.59877593212697,0.0,-0.035716741466229274,-0.09755113828517514
COMP53,Manufacturing,12,108.53350466676842,9108737.20112127,-0.009719736888469055,-0.10632270377634168
COMP53,Manufacturing,13,106.70487875072406,10969209.098655391,-0.016848492285021166,-0.12137981880706461
COMP53,Manufacturing,14,103.59405615017307,11874300.279815845,-0.029153517973796284,-0.14699468805161298
COMP53,Manufacturing,15,105.53490969053851,15266184.68873876,0.01873518242737715,-0.13101347792073814
COMP53,Manufacturing,16,106.10771419385,3042392.112253052,0.005427630582061749,-0.12629694009810122
COMP53,Manufacturing,17,107.84250355928506,0.0,0.016349323690695527,-0.11201248596221391
COMP53,Manufacturing,18,106.73389624689679,0.0,-0.010279873665755779,-0.12114088542329093
COMP53,Manufacturing,19,106.61502575874087,5790079.692014349,-0.0011137088810189155,-0.12211967862435946
COMP53,Manufacturing,20,110.10310766910457,21852433.825226832,0.032716607115556906,-0.09339841305543384
COMP53,Manufacturing,21,110.13015188354655,14302629.875303593,0.0002456262590084801,-0.09317572789922146
COMP53,Manufacturing,22,111.95779795223453,12099223.18556273,0.01659532868546809,-0.07812668104374865
COMP53,Manufacturing,23,110.61689888564743,15981654.64990148,-0.01197682601045058,-0.08916779738856428
COMP53,Manufacturing,24,112.24603657627637,0.0,0.014727746908843375,-0.07575329123207875
COMP53,Manufacturing,25,111.05380681095546,0.0,-0.01062157561804622,-0.08557024753898756
COMP53,Manufacturing,26,106.95266809952518,11075854.056493256,-0.03692929426914249,-0.11933949295607937
COMP53,Manufacturing,27,106.96853487488137,10975888.553102726,0.00014835324483364332,-0.11920884411226251
COMP53,Manufacturing,28,105.99889417791982,12698914.184254026,-0.009064728222142326,-0.1271929765608515
COMP53,Manufacturing,29,102.64054545899963,9361738.872031795,-0.03168286560879763,-0.15484600418688876
COMP53,Manufacturing,30,103.06531274794413,12293891.947780825,0.00413839664476634,-0.15134842172630492
COMP54,Banking,1,119.95342576155238,45180657.36575968,,0.0
COMP54,Banking,2,121.30579467301764,55735857.95088395,0.011274116623843256,0.011274116623843256
COMP54,Banking,3,120.72454117018057,30691609.80568894,-0.004791638391256181,0.006428456742544775
COMP54,Banking,4,120.49157597960435,44677391.97382664,-0.0019297252101195816,0.0044863263773868844
COMP54,Banking,5,122.87589453742599,14390856.959869735,0.01978825937362827,0.024363362341005557
COMP54,Banking,6,120.70022631685464,56820770.21015095,-0.01770622487642337,0.006225754292226604
COMP54,Banking,7,121.51460922176427,17374510.088636704,0.006747153089603719,0.013014913499138192
COMP54,Banking,8,120.24981417072561,41930538.8001399,-0.01040858427755309,0.002470862397564222
COMP54,Banking,9,122.28602740956039,63447184.177670024,0.016933192395157004,0.01944589438108113
COMP54,Banking,10,122.28828578325593,56394678.28947762,1.846796190352329e-05,0.01946472146902134
COMP54,Banking,11,122.3373832589405,28071972.709897775,0.0004014896060575701,0.019874025958433572
COMP54,Banking,12,125.58757987617614,71891516.4090865,0.026567485184444628,0.046969514033084137
COMP54,Banking,13,123.61232057912126,50497369.68032594,-0.01572814205833406,0.030502628785626706
COMP54,Banking,14,124.04879710254451,33624717.85577958,0.0035310114831463846,0.03414134540128133
COMP54,Banking,15,123.74965595068214,17264505.02785974,-0.002411479666466154,0.03164753457459413
COMP54,Banking,16,124.77776699533723,68840058.33873129,0.008307991135464876,0.04021845314676398
COMP54,Banking,17,128.4785228213778,71348339.060648,0.02965877587935073,0.07107005911420883
COMP54,Banking,18,127.35400250975981,61073998.50513696,-0.008752593717016754,0.06169541804432099
COMP54,Banking,19,125.12298885949444,48037030.34071985,-0.017518205995091463,0.043096419006975806
COMP54,Banking,20,123.64873371951585,0.0,-0.011782448240859167,0.030806189439800624
COMP54,Banking,21,123.25310210767326,54418336.162877865,-0.0031996414353909763,0.027507979244211667
COMP54,Banking,22,123.40738359716232,63119429.29919283,0.0012517452855205224,0.028794157513065244
COMP54,Banking,23,123.65511702870558,63805327.98345838,0.002007444160326166,0.030859404336742502
COMP54,Banking,24,127.0808871670464,49539550.8312918,0.027704232713196664,0.05941857316907484
COMP54,Banking,25,130.2536725264601,0.0,0.024966660448656697,0.08586871695838738
COMP54,Banking,26,132.86260824216373,37331420.716056965,0.020029651871609655,0.10761828933733542
COMP54,Banking,27,138.00910387662478,36534217.63066752,0.03873547044237391,0.1505224048453946
COMP54,Banking,28,139.7658650292925,37188224.94501813,0.012729313525854158,0.16516776525519128
COMP54,Banking,29,142.1498035640972,53437696.685026586,0.017056657820599064,0.18504163313074118
COMP54,Banking,30,143.91754249926237,68371016.47587329,0.012435746591574315,0.19977851058082052
COMP55,Manufacturing,1,133.269374634942,5045747.243861332,,0.0
COMP55,Manufacturing,2,135.6806757909213,2601183.417312159,0.018093437915383426,0.018093437915383426
COMP55,Manufacturing,3,135.6830618327468,6483347.937514673,1.7585715958334802e-05,0.018111341817401705
COMP55,Manufacturing,4,135.29374023006775,0.0,-0.002869345645803212,0.015190028471815165
COMP55,Manufacturing,5,138.76690876665387,5743757.960807183,0.025671317318007203,0.041251293830791846
COMP55,Manufacturing,6,140.35444588612597,12886786.073782306,0.011440314795378548,0.053163536413311396
COMP55,Manufacturing,7,139.41045483653744,6389584.052558037,-0.006725765212698853,0.046080205736819924
COMP55,Manufacturing,8,140.82223645919083,7061174.976295529,0.01012679877064282,0.05667364947826936
COMP55,Manufacturing,9,137.34336547774808,7553201.355468085,-0.024703989007097582,0.030569595257468496
COMP55,Manufacturing,10,138.0657978073204,0.0,0.0052600453400812874,0.03599043805463209
COMP55,Manufacturing,11,134.02663330570914,0.0,-0.02925535915309141,0.005682165710175324
COMP55,Manufacturing,12,131.4531538547267,9539453.58603481,-0.019201254165001957,-0.013628193162835367
COMP55,Manufacturing,13,133.03913561234705,6353294.156792466,0.012064995864405459,-0.0017276213925788708
COMP55,Manufacturing,14,126.15841986333982,12548676.282806015,-0.05171948628001044,-0.0533577559816788
COMP55,Manufacturing,15,130.82867657914775,4647173.377982483,0.03701898550145888,-0.018314020475296067
COMP55,Manufacturing,16,133.07042632419115,8207864.562265157,0.01713500284234093,-0.0014928284258540758
COMP55,Manufacturing,17,128.30469268885182,5981211.601382906,-0.03581361965226493,-0.03725298448866943
COMP55,Manufacturing,18,134.64986531449802,5331005.762022068,0.049453940402894636,0.010358649039492684
COMP55,Manufacturing,19,142.08989161282068,14205853.276032478,0.055254613741686276,0.0661856259327418
COMP55,Manufacturing,20,141.6203752141536,0.0,-0.0033043617201599096,0.06266256296382489
COMP55,Manufacturing,21,139.06205639255737,9329770.642395098,-0.018064623947843805,0.043465963380431516
COMP55,Manufacturing,22,143.87521391514596,0.0,0.03461158023581623,0.07958196929531658
COMP55,Manufacturing,23,142.9322227479544,10757623.603118246,-0.006554229471017248,0.07250614133578237
COMP55,Manufacturing,24,143.43634404270776,16923406.183479894,0.003526995418257295,0.07628886558232639
COMP55,Manufacturing,25,147.01536953002923,6660198.526849289,0.024952012763625797,0.10314443909368487
COMP55,Manufacturing,26,146.6086668392975,0.0,-0.0027663957314928433,0.10009270502615597
COMP55,Manufacturing,27,145.9473326942791,7971409.028911355,-0.004510880286111019,0.09513031853015885
COMP55,Manufacturing,28,142.3228291725958,9279305.77385968,-0.024834325196443907,0.0679334960672957
COMP55,Manufacturing,29,140.5814533868856,12618147.399308575,-0.012235393266377459,0.054866909760574956
COMP55,Manufacturing,30,139.89213526715304,7334763.512203656,-0.004903336130944291,0.049694542728608404
COMP56,Retail,1,76.06616548329366,0.0,,0.0
COMP56,Retail,2,75.75088354729317,2213546.980718778,-0.0041448380366923,-0.0041448380366923
COMP56,Retail,3,74.42814597439737,4127609.097633482,-0.01746167847758484,-0.021534140685138703
COMP56,Retail,4,75.22911313564408,4491496.058880156,0.010761616465930102,-0.011004266382185435
COMP56,Retail,5,70.99709361255651,0.0,-0.05625507661451368,-0.06664029714828279
COMP56,Retail,6,71.85646905074697,3184716.231718806,0.012104374904136517,-0.05534256138455218
COMP56,Retail,7,72.31177281114388,3622843.2936595515,0.006336294649760266,-0.04935693351039683
COMP56,Retail,8,74.36796590560104,3761739.167964383,0.028435108344353477,-0.02232529491795654
COMP56,Retail,9,75.83596508469242,2086769.7786067834,0.019739670988914604,-0.0030263179054529354
COMP56,Retail,10,74.72310156738995,0.0,-0.01467461403121384,-0.017656521889468535
COMP56,Retail,11,76.00976812891061,1613893.0914728118,0.017219126809936647,-0.0007414249689691177
COMP56,Retail,12,75.74878279447557,2496116.3965588915,-0.003433576247626635,-0.004172455477432946
COMP56,Retail,13,72.61166812388178,3156392.0900939535,-0.0414147205388834,-0.04541437493875755
COMP56,Retail,14,72.88464089830204,2138861.5245120274,0.003759351375243636,-0.041825752156395724
COMP56,Retail,15,71.90906641175346,3049682.340256928,-0.013385186158903162,-0.05465109283644942
COMP56,Retail,16,71.92797187447076,0.0,0.0002629079149636393,-0.05440255312635389
COMP56,Retail,17,74.60855089699449,2432760.5611549574,0.03726754630593354,-0.019162456488217794
COMP56,Retail,18,74.99777420169404,0.0,0.005216872597310296,-0.01404555198505808
COMP56,Retail,19,73.35678991812324,3083446.93067173,-0.021880439800221918,-0.03561866893061005
COMP56,Retail,20,74.94917365337027,5281962.924998363,0.021707380285101774,-0.014684476637234156
COMP56,Retail,21,75.56884807206465,0.0,0.008267928630678378,-0.006537958211371264
COMP56,Retail,22,73.72401362401101,3953108.013794484,-0.024412631595156276,-0.030790981041328824
COMP56,Retail,23,71.18266677451446,0.0,-0.03447108648285613,-0.06420066895381737
COMP56,Retail,24,69.68645167409537,0.0,-0.02101937407260479,-0.08387058514997037
COMP56,Retail,25,70.99877035263613,4760189.299685722,0.018831762085952164,-0.066618253969572
COMP56,Retail,26,70.547434331904,1708793.2198333072,-0.006356955458389435,-0.07255172015476119
COMP56,Retail,27,70.69171964058742,0.0,0.0020452240403896482,-0.07065488063660363
COMP56,Retail,28,68.6580779317179,2877763.787882364,-0.028767749875219017,-0.09739004857820543
COMP56,Retail,29,69.99246624406398,0.0,0.019435270437852425,-0.07984758007242598
COMP56,Retail,30,66.97447459162615,4120495.450605591,-0.04311880712867122,-0.11952345479626314
COMP57,Manufacturing,1,95.87051156675383,14261697.729105033,,0.0
COMP57,Manufacturing,2,94.81892622978137,8906022.797877071,-0.010968809071601249,-0.010968809071601249
COMP57,Manufacturing,3,93.13180441701303,14255773.784912253,-0.017793091314700415,-0.028566731364877196
COMP57,Manufacturing,4,93.07492392993996,11245984.274753783,-0.0006107525504217559,-0.029160036711260662
COMP57,Manufacturing,5,91.9087569265767,6457350.953375075,-0.012529336088859533,-0.041324016899801364
COMP57,Manufacturing,6,91.34340889355578,9689676.833589947,-0.006151187894669952,-0.047221013001958134
COMP57,Manufacturing,7,91.22313485169443,10296117.409364954,-0.001316723815305676,-0.04847555978486129
COMP57,Manufacturing,8,90.55411730490995,0.0,-0.007333858323024356,-0.05545390522029414
COMP57,Manufacturing,9,92.34312955113526,0.0,0.019756277234765918,-0.036793190710810775
COMP57,Manufacturing,10,95.0209325759355,5682816.253281383,0.02899840018219657,-0.008861734196826121
COMP57,Manufacturing,11,96.70406367400412,15151881.99833278,0.017713266460772203,0.008694562004813111
COMP57,Manufacturing,12,93.3663948011908,10878629.02863222,-0.034514256650732156,-0.026119780990418895
COMP57,Manufacturing,13,92.2029391966658,4085685.329308044,-0.012461181638237173,-0.038255479293383465
COMP57,Manufacturing,14,91.9016484067897,2091716.1043585762,-0.0032676918165639446,-0.041398163993321635
COMP57,Manufacturing,15,88.59660166727316,14336532.349911204,-0.03596286679088956,-0.07587223412713195
COMP57,Manufacturing,16,87.08421740970894,10918204.561046164,-0.017070454499417687,-0.09164751510611324
COMP57,Manufacturing,17,86.77747360002583,9809190.122061536,-0.0035223811938270844,-0.09484707881626953
COMP57,Manufacturing,18,86.02754929761737,13476381.144981297,-0.00864192366172134,-0.10266934126332339
COMP57,Manufacturing,19,86.06825025859477,0.0,0.0004731154299955076,-0.10224480028286709
COMP57,Manufacturing,20,83.74898254759934,0.0,-0.026946843975880985,-0.12643646957818055
COMP57,Manufacturing,21,83.00645492319752,5818238.9345007725,-0.008866109196966065,-0.13418157922938756
COMP57,Manufacturing,22,83.2840096653791,13424383.416920029,0.0033437729925749338,-0.13128647897754087
COMP57,Manufacturing,23,83.3259978379221,12300243.070201764,0.0005041564726735448,-0.13084851143301834
COMP57,Manufacturing,24,84.09931912484578,7106619.325026139,0.009280672383040312,-0.12278220121639638
COMP57,Manufacturing,25,84.78087258086113,12651127.544083845,0.00810414951164562,-0.11567309702077744
COMP57,Manufacturing,26,84.1186093361237,14527240.644861694,-0.007811470023569189,-0.12258099011443546
COMP57,Manufacturing,27,84.34623701636194,10459409.59825084,0.0027060323754126703,-0.12020666586688256
COMP57,Manufacturing,28,83.03235362549954,10928858.0238196,-0.015577261503764817,-0.13391143670194328
COMP57,Manufacturing,29,82.60958939670256,7297662.450341328,-0.005091560221257452,-0.1383211787789177
COMP57,Manufacturing,30,80.90805761053998,11158080.83726541,-0.020597267200924918,-0.15606940770098632
COMP58,Energy,1,143.44202168425136,3461277.902543937,,0.0
COMP58,Energy,2,139.65223216925773,0.0,-0.026420357650394966,-0.026420357650394966
COMP58,Energy,3,142.51267450821175,5297172.4581661215,0.020482610943784785,-0.006478904613358871
COMP58,Energy,4,139.0280732379742,5904646.465929963,-0.02445116746466469,-0.030771655296334743
COMP58,Energy,5,139.32701182122747,633302.163140445,0.002150203022245556,-0.028687617580306912
COMP58,Energy,6,144.08148266052643,7166425.643863803,0.03412454467479353,0.00445797520675395
COMP58,Energy,7,148.59544452459366,3872104.2737771417,0.031329229688055626,0.035926869824005614
COMP58,Energy,8,151.0965180610341,0.0,0.016831428072658694,0.05336299842198278
COMP58,Energy,9,147.183332321284,6359640.69165794,-0.02589858317032412,0.02608238919880912
COMP58,Energy,10,142.6957948027298,5275039.14544737,-0.03048944094266348,-0.0052022892089750306
COMP58,Energy,11,143.22278650203816,5410029.545741856,0.003693113031374873,-0.0015283888196707673
COMP58,Energy,12,144.03763111839734,6601107.776173489,0.005689350390816417,0.004152266031617113
COMP58,Energy,13,143.640469720932,5439290.320566091,-0.002757344690977881,0.0013834721119414528
COMP58,Energy,14,140.2490667417463,0.0,-0.023610358457993086,-0.022259550618531243
COMP58,Energy,15,142.13520072333162,4378786.170200854,0.013448460124575679,-0.00911044717283982
COMP58,Energy,16,142.64138494135116,6469265.709454672,0.0035612868272147935,-0.005581605261131717
COMP58,Energy,17,143.92299683557422,5738247.308674708,0.008984853131859483,0.0033530979672165007
COMP58,Energy,18,146.54483537352536,0.0,0.018216953479272435,0.02163113467616906
COMP58,Energy,19,145.38304246507235,2605038.6277887137,-0.007927900737625726,0.013531744449988503
COMP58,Energy,20,143.3027005647899,7410653.464609623,-0.014309384815510806,-0.0009712713040823662
COMP58,Energy,21,148.1812430723683,0.0,0.03404361877585638,0.033039281881769966
COMP58,Energy,22,144.8886310074566,6906003.185531963,-0.02222016765849133,0.01008497584054946
COMP58,Energy,23,142.89929612957832,0.0,-0.013730096447497786,-0.0037835882979097013
COMP58,Energy,24,148.32674752005096,3151415.082288269,0.03798095258321732,0.03405365999757026
COMP58,Energy,25,145.94894463073047,1321578.8943077675,-0.01603084358739182,0.017476907513179096
COMP58,Energy,26,145.5541725038286,4815645.000035188,-0.002704864553153774,0.014724770292394274
COMP58,Energy,27,143.80227142110704,5315509.742320536,-0.012036076002393425,0.002511465835643767
COMP58,Energy,28,136.34556694200148,6577343.368521733,-0.05185387132912189,-0.04947263471976704
COMP58,Energy,29,135.8760899145854,3064314.729720773,-0.003443287801324524,-0.052745574001461626
COMP58,Energy,30,131.8512922883613,6121434.5645855125,-0.02962108807189101,-0.08080428078045288
COMP59,Energy,1,92.88843893947102,3023628.153528386,,0.0
COMP59,Energy,2,91.24883208867955,3685771.044918845,-0.017651355427125703,-0.017651355427125703
COMP59,Energy,3,88.9522640359545,5675373.996156278,-0.025168191199347545,-0.042375293938155756
COMP59,Energy,4,89.35915326986222,5765602.3966027,0.004574242581877996,-0.037994886230229286
COMP59,Energy,5,84.83440208418784,4954362.478539304,-0.05063556468591135,-0.08670655839669605
COMP59,Energy,6,83.6739989998599,0.0,-0.013678449494774259,-0.09919899661157539
COMP59,Energy,7,82.8708247191391,6038124.447209851,-0.009598851379413076,-0.10784565156552706
COMP59,Energy,8,83.44162089654158,0.0,0.006887782031094636,-0.10170068687541711
COMP59,Energy,9,81.00485357117716,3045050.7261225283,-0.02920325970639681,-0.12793395501067217
COMP59,Energy,10,78.91521587150183,2935310.323244782,-0.025796450552672323,-0.15043016361890393
COMP59,Energy,11,81.72267229688698,6250596.384465982,0.03557560344200983,-0.1202062040235169
COMP59,Energy,12,81.7101007507599,4834707.063946718,-0.00015383180424410892,-0.12034154429051469
COMP59,Energy,13,83.87828348950468,9199516.796653116,0.026535063827156202,-0.09699975102216585
COMP59,Energy,14,82.54661135356992,0.0,-0.01587624448825775,-0.11133600374789554
COMP59,Energy,15,82.43248470038935,2176296.5833561104,-0.001382572237783708,-0.11256464591783166
COMP59,Energy,16,82.9854776020838,4522474.560223504,0.0067084342259531304,-0.10661134421518603
COMP59,Energy,17,87.474058145401,4242049.862187013,0.05408874748953041,-0.058289070802430176
COMP59,Energy,18,86.92656881637572,1261668.47799813,-0.006258876524457557,-0.06418312323000996
COMP59,Energy,19,86.5156791057513,1309983.9871330038,-0.004726859879772616,-0.06860659847962813
COMP59,Energy,20,89.43572847224151,6571182.260330604,0.0337516782700269,-0.0371705080486866
COMP59,Energy,21,88.44455924713546,3004716.202404742,-0.011082475002299308,-0.047841041824713604
COMP59,Energy,22,89.22531343920076,4995438.1304817395,0.008827611316188255,-0.039435752630715415
COMP59,Energy,23,91.99585838399527,4555780.076134829,0.031051109130397103,-0.009609167358894055
COMP59,Energy,24,90.44286291534688,0.0,-0.016881145476855153,-0.0263280990836523
COMP59,Energy,25,91.39421431213222,0.0,0.010518811171156717,-0.016086228215252074
COMP59,Energy,26,96.33182067817344,0.0,0.05402537133453733,0.03707007866658407
COMP59,Energy,27,99.05628644130415,4250692.064376704,0.028282095614414304,0.06640059379028052
COMP59,Energy,28,99.93162784301279,0.0,0.008836808173980248,0.0758241712742238
COMP59,Energy,29,99.28620026163985,5107081.261231002,-0.006458691760599322,0.06887575456336137
COMP59,Energy,30,97.52678349383085,6943219.126502774,-0.017720657686290386,0.04993457320756867
COMP60,Energy,1,126.72791775156301,2291242.140091213,,0.0
COMP60,Energy,2,126.64422593867164,6449246.29352879,-0.0006604054921460767,-0.0006604054921460767
COMP60,Energy,3,129.7299102762704,3236401.7910664575,0.02436498241217122,0.023688486151824062
COMP60,Energy,4,133.85762983078067,4156915.568681363,0.03181779395144835,0.056259995474672975
COMP60,Energy,5,131.2615727144204,0.0,-0.019394166172239435,0.03577471360134821
COMP60,Energy,6,134.11357348474996,0.0,0.02172761388844946,0.05827962665389763
COMP60,Energy,7,135.4864180586916,4107475.0265997373,0.01023643273585395,0.06911263486786479
COMP60,Energy,8,131.25496458428387,3047240.702959841,-0.031231569444656104,0.035722569367829804
COMP60,Energy,9,134.47744166843017,0.0,0.024551277693401374,0.06115088178170258
COMP60,Energy,10,135.1239845842493,2587173.932081901,0.004807816893284356,0.06625270091745628
COMP60,Energy,11,128.27816153964952,0.0,-0.05066327096305723,0.012232851415783674
COMP60,Energy,12,127.18407369667449,4855204.751944765,-0.008529026529873196,0.003599490571649211
COMP60,Energy,13,127.36808002963096,7052284.088803932,0.001446771813547354,0.005051470026698812
COMP60,Energy,14,125.10538075303353,0.0,-0.01776504188546324,-0.012803311435371945
COMP60,Energy,15,129.8335546065414,4229259.998698192,0.03779352914357559,0.024506335384336664
COMP60,Energy,16,134.8869925485568,6761734.661388155,0.03892243386025873,0.06438261546274959
COMP60,Energy,17,133.38139165104784,7395585.044284756,-0.011161942816443005,0.052502037574138294
COMP60,Energy,18,131.45911164952864,7489429.153636817,-0.014411905421921722,0.03733347775223983
COMP60,Energy,19,130.9753090679407,7797060.549414326,-0.003680251414430291,0.03351582975350631
COMP60,Energy,20,130.22404733385468,8193699.589211685,-0.005735903502974926,0.02758768268524303
COMP60,Energy,21,127.96174489614792,5082474.0370331565,-0.01737238616080572,0.009736032647547521
COMP60,Energy,22,114.51633229705794,0.0,-0.10507368909358106,-0.0963606573134469
COMP60,Energy,23,120.73665987924639,7820465.031101758,0.05431825712032734,-0.047276543153355166
COMP60,Energy,24,120.7683621120847,3294915.5138819492,0.00026257337970103656,-0.04702638333537046
COMP60,Energy,25,120.1540950956311,5145763.065941749,-0.005086323981801644,-0.051873515895836
COMP60,Energy,26,121.36227960588667,7020324.90705431,0.010055291992286719,-0.04233982725254848
COMP60,Energy,27,121.10142119931854,2578634.028386246,-0.002149419139251929,-0.044398240356751106
COMP60,Energy,28,119.57800392129266,5095242.039924991,-0.01257968125343889,-0.05641940589828853
COMP60,Energy,29,116.05329570299904,0.0,-0.02947622558253793,-0.08423260034533575
COMP60,Energy,30,109.85278464310349,4652756.109430714,-0.05342813422346704,-0.1331603438915605
COMP61,Energy,1,100.39130253806,0.0,,0.0
COMP61,Energy,2,103.74527814904687,6403914.983264652,0.03340902574419058,0.03340902574419058
COMP61,Energy,3,104.75727359533117,5981324.313219718,0.009754616926568982,0.043489534918784045
COMP61,Energy,4,104.65274875562869,5922535.886818712,-0.0009977812147560217,0.04244836066304769
COMP61,Energy,5,107.87109083560517,2859297.097320426,0.03075258049352847,0.07450633778468485
COMP61,Energy,6,104.97421522627963,6827700.28681633,-0.026854976499128602,0.04565049533531229
COMP61,Energy,7,108.65240970824176,0.0,0.03503902814642168,0.08228907247268613
COMP61,Energy,8,105.19224491835682,0.0,-0.031846185456690046,0.047822293952971995
COMP61,Energy,9,103.46091043011528,0.0,-0.016458765468740477,0.030576432563882427
COMP61,Energy,10,97.93445999523846,1127388.3873199937,-0.053415830306362655,-0.024472663275686535
COMP61,Energy,11,99.78029970367247,1074530.9502742388,0.018847703949393946,-0.006086212838565919
COMP61,Energy,12,100.55638720344659,2970727.2500465736,0.00777796320595292,0.0016444120278651386
COMP61,Energy,13,98.90147436168837,3683113.667975409,-0.016457560656092274,-0.014840211638919354
COMP61,Energy,14,96.20679433770657,9345899.498721728,-0.02724610569633379,-0.0416819793603832
COMP61,Energy,15,100.29457935493696,6396776.868612178,0.04248956682707239,-0.0009634617808285117
COMP61,Energy,16,99.91836784454576,5122654.339038896,-0.0037510652401243627,-0.0047109130129566745
COMP61,Energy,17,97.66904482788306,0.0,-0.02251160687654774,-0.027116469667727072
COMP61,Energy,18,103.49182858660615,9612305.96949243,0.05961749466255428,0.030884409009144242
COMP61,Energy,19,101.49715526673313,5858233.858322,-0.019273727666371143,0.011015423654394008
COMP61,Energy,20,105.0503000245885,2520889.8023754507,0.03500733344218121,0.04640837770545159
COMP61,Energy,21,101.51022845737383,6223515.15192263,-0.03369882395753332,0.01114564599746748
COMP61,Energy,22,100.46015482460396,8276093.8890732005,-0.010344510585066913,0.0006858391594024571
COMP61,Energy,23,102.01092508641636,0.0,0.015436670036194311,0.016133096268398317
COMP61,Energy,24,101.85954023497727,0.0,-0.001484006260220161,0.01462514839231921
COMP61,Energy,25,102.63281320265311,0.0,0.0075915615355419686,0.02232773764184781
COMP61,Energy,26,101.012336506945,6584696.817887364,-0.015789070231451263,0.006186133192660037
COMP61,Energy,27,96.30871069565099,5588496.625534113,-0.04656486498528445,-0.040666788249521635
COMP61,Energy,28,100.66277409104727,4469229.201790451,0.0452094453756704,0.002704134184178031
COMP61,Energy,29,99.25489206382443,7415644.069240865,-0.013986123866896794,-0.011319810038371347
COMP61,Energy,30,100.14424356570686,3069800.6585268416,0.00896027876702088,-0.002460959924884043
COMP62,Retail,1,94.29510107479328,3352177.1434487603,,0.0
COMP62,Retail,2,95.06748049149576,2392310.2700389037,0.008191087425526433,0.008191087425526433
COMP62,Retail,3,97.54039611927186,1392620.2136271961,0.026012213797938166,0.03441636954081506
COMP62,Retail,4,98.0031193425902,2964219.8199974066,0.004743913719117199,0.03932355154755918
COMP62,Retail,5,99.7982114473586,2029665.0013418552,0.018316683354672403,0.05836051194430936
COMP62,Retail,6,99.58387566919306,2978992.2609740673,-0.0021476915774045757,0.056087479986949074
COMP62,Retail,7,103.47816286410668,3573407.043946739,0.039105599864881935,0.09738641440163032
COMP62,Retail,8,98.79474612582948,2846906.7449372704,-0.04525995252184489,0.04771875738769493
COMP62,Retail,9,99.64145896049264,1816077.1641414135,0.008570423710434483,0.056698151067877456
COMP62,Retail,10,102.65304646949168,4021604.6927086078,0.03022424139928659,0.08863605107193284
COMP62,Retail,11,102.9177659212091,0.0,0.0025787783297408495,0.09144340212941171
COMP62,Retail,12,103.63137914655243,0.0,0.006933819627309656,0.0990112738131943
COMP62,Retail,13,102.67307504251393,1671731.5145404309,-0.009247238741108554,0.08884845418507381
COMP62,Retail,14,102.74632217061729,5355355.492044738,0.0007134015229701696,0.08962524033057306
COMP62,Retail,15,99.06143500610526,2998888.0485238167,-0.03586393251520015,0.05054699424449871
COMP62,Retail,16,97.53318937923812,2374293.5470984373,-0.015427251046514212,0.034339942028127846
COMP62,Retail,17,95.88428608585015,0.0,-0.016906073756868034,0.016853314678525688
COMP62,Retail,18,97.33132102400631,3885255.4560644934,0.01509147115994125,0.03219912715088724
COMP62,Retail,19,96.14031166767774,1711299.3496250676,-0.012236650482066569,0.0195684672040477
COMP62,Retail,20,95.02426140179075,5275244.994184727,-0.01160855677007544,0.007732748771530629
COMP62,Retail,21,94.26179159334666,2851008.9510398167,-0.0080239488020869,-0.00035324721079843524
COMP62,Retail,22,92.74592310599427,1930892.8895461757,-0.01608147332794163,-0.016429039803141476
COMP62,Retail,23,93.3205400967994,3863101.1796664,0.006195603769541869,-0.010335223854533893
COMP62,Retail,24,94.12334726630921,5463409.935695846,0.008602684560945262,-0.0018214499642759119
COMP62,Retail,25,95.87205439217044,3773149.831513505,0.018578887987414028,0.01672359750827712
COMP62,Retail,26,97.28385425047215,4956881.945563648,0.014725874680088236,0.03169574178947254
COMP62,Retail,27,98.49952324323249,3314206.7836876563,0.012496102278497512,0.044587917299164115
COMP62,Retail,28,97.81445860866674,1605826.7083662755,-0.0069550045727030385,0.03732280355775819
COMP62,Retail,29,96.99720097320714,924597.1204408228,-0.00835518232257726,0.02865578240666622
COMP62,Retail,30,95.18034687425225,0.0,-0.0187309951289909,0.009388035956998664
COMP63,Telecom,1,76.85049172528353,221165221.00274885,,0.0
COMP63,Telecom,2,78.64325391079369,207096499.12358057,0.023327920814335545,0.023327920814335545
COMP63,Telecom,3,78.63755556992601,218522392.30423018,-7.245810141764952e-05,0.023253772416065743
COMP63,Telecom,4,77.95074691984053,172890004.36408117,-0.008733850449798908,0.014316826995591336
COMP63,Telecom,5,76.90934072580619,215199268.85633367,-0.013359797502713544,0.000765759583335246
COMP63,Telecom,6,77.1796725414924,166400481.82986435,0.003514941268967231,0.0042833924522640565
COMP63,Telecom,7,76.71529782644339,176633241.96250787,-0.00601680079426814,-0.0017591806611130245
COMP63,Telecom,8,75.94121382602039,142113606.10879236,-0.010090347327781357,-0.011831777245011388
COMP63,Telecom,9,74.10764743611585,199958198.10655776,-0.024144549415620276,-0.03569065373026492
COMP63,Telecom,10,75.43151539249126,204575089.37534916,0.01786412067009202,-0.018464115205204856
COMP63,Telecom,11,75.2773087488696,236517580.11429662,-0.0020443264704319564,-0.020470694996169714
COMP63,Telecom,12,73.85342967009751,108168727.05117808,-0.01891511668572332,-0.03899860609740258
COMP63,Telecom,13,73.52593479877952,260901143.29317915,-0.004434389476303369,-0.043260060565237124
COMP63,Telecom,14,74.28882787864997,185775041.2429289,0.010375836525686966,-0.03333308335606633
COMP63,Telecom,15,74.35996640627712,40413243.15192202,0.0009575938893982006,-0.03240740902360473
COMP63,Telecom,16,74.6487365263271,250301486.32725695,0.003883408425337853,-0.028649851803512538
COMP63,Telecom,17,74.73865791544246,171410312.28667232,0.0012045935845632627,-0.02747976964663046
COMP63,Telecom,18,73.07249738575888,333895875.697669,-0.02229315559249989,-0.04916031445875191
COMP63,Telecom,19,74.3633503009488,126678960.50854224,0.017665372901864096,-0.03236337684377455
COMP63,Telecom,20,72.14318221074038,226229745.45866323,-0.029855675964347905,-0.06125282231596263
COMP63,Telecom,21,72.77688888600443,135550900.5804832,0.008784013344641517,-0.053006854579941476
COMP63,Telecom,22,73.61999949057868,44220878.0263122,0.01158486735940123,-0.04203606459998799
COMP63,Telecom,23,73.3613723154425,362702465.25945294,-0.003513001588233977,-0.045401393426519054
COMP63,Telecom,24,73.86190046938059,187018310.79446903,0.006822775230892697,-0.03888838169814479
COMP63,Telecom,25,73.52655998951575,153851432.42264926,-0.004540100887383103,-0.04325192540927125
COMP63,Telecom,26,74.04430387006332,251662327.43229046,0.00704158987747272,-0.03651489785194162
COMP63,Telecom,27,75.41258876188604,220298321.64068112,0.018479272817850445,-0.018710393793413105
COMP63,Telecom,28,74.37753483569298,45963342.53304851,-0.01372521409470806,-0.03217880372751025
COMP63,Telecom,29,75.31831351231557,140085384.53916496,0.012648693973265734,-0.019937129595019587
COMP63,Telecom,30,77.68207040392976,140872590.7457223,0.03138356106749107,0.010820733348315681
COMP64,Agriculture,1,67.7215056878792,0.0,,0.0
COMP64,Agriculture,2,65.57813983752749,1517674.139864915,-0.0316497075571569,-0.0316497075571569
COMP64,Agriculture,3,67.08512510340837,899184.5053654849,0.022979994089715072,-0.009397023560046458
COMP64,Agriculture,4,69.69357655816644,1893277.5386604741,0.03888270985165887,0.029120304551057963
COMP64,Agriculture,5,65.5943390332652,0.0,-0.05881801060216796,-0.03141050443293247
COMP64,Agriculture,6,64.97584144045635,645043.0439569897,-0.009429130652497175,-0.04054346133527065
COMP64,Agriculture,7,65.46858966495259,1205349.0274552081,0.007583560498370723,-0.03326736462874935
COMP64,Agriculture,8,65.80033566475909,449753.7137276997,0.005067254411684541,-0.028368684417244938
COMP64,Agriculture,9,69.00030544123068,0.0,0.04863151143749267,0.01888321501954393
COMP64,Agriculture,10,65.61675556489395,1359367.46865086,-0.049036737659351126,-0.031079493900885713
COMP64,Agriculture,11,61.50337092907283,0.0,-0.06268802229566273,-0.09181920418995182
COMP64,Agriculture,12,64.75654640610917,620559.237925665,0.052894262995567765,-0.04378165032885106
COMP64,Agriculture,13,65.98702558111678,888160.6853020741,0.01900161826560187,-0.02561195426983609
COMP64,Agriculture,14,65.05033474588473,455048.19206819637,-0.014195075880190977,-0.03944346651572672
COMP64,Agriculture,15,65.32918151152967,1253183.1330439956,0.004286630756540122,-0.03532591533589746
COMP64,Agriculture,16,65.72680024543754,0.0,0.006086387808757365,-0.029454534747573646
COMP64,Agriculture,17,64.75469716619897,0.0,-0.014790056348529701,-0.043808956867467
COMP64,Agriculture,18,64.98381249377829,2023092.3677075976,0.0035382039852842606,-0.04042575790796232
COMP64,Agriculture,19,65.56198524022324,1453429.316315608,0.008897181071059856,-0.031888252124944394
COMP64,Agriculture,20,68.9493233958936,0.0,0.05166619258490934,0.0181303958844814
COMP64,Agriculture,21,70.6293352589957,792665.5960503656,0.02436589338891393,0.042938052566615426
COMP64,Agriculture,22,73.76734472545871,0.0,0.04442926519067503,0.08927502388154385
COMP64,Agriculture,23,71.32981218158979,0.0,-0.0330435174661734,0.05328154560444753
COMP64,Agriculture,24,70.71246966684373,1518433.379631774,-0.008654761534692357,0.04416564499834874
COMP64,Agriculture,25,71.14112685105911,0.0,0.006061974447151508,0.050495350456922106
COMP64,Agriculture,26,67.8042981496486,813223.089698472,-0.04690435545667537,0.0012225431335057824
COMP64,Agriculture,27,69.83669381047412,1775844.7634429778,0.02997443696474633,0.031233625140344
COMP64,Agriculture,28,70.96610120678777,1514957.0594633233,0.016172120051654915,0.04791085912741688
COMP64,Agriculture,29,70.31680746426149,1140706.4551257303,-0.009149350626354802,0.03832315525209551
COMP64,Agriculture,30,69.99438283734375,0.0,-0.00458531378975946,0.03356211777009155
